,filename,hash
0,eopatch-153/data/BANDS.npy.gz,f43c896566c69430aabcdf43a70c4eee
1,eopatch-153/data/CLP.npy.gz,57fc6be5ac8780223a4c75920c884ea6
2,eopatch-153/mask/CLM.npy.gz,d96e1b46233f666d5814a1d4442aeda3
3,eopatch-153/mask/IS_DATA.npy.gz,e2dce46903dc441f1ce104168c9e372f
4,eopatch-153/mask/SCL.npy.gz,c58c4e7c43614e58d3fc8326a956f0e1
5,eopatch-153/mask_timeless/ALL_POLYS.npy.gz,8fa0ceea4bbc8aecb42f219cdbd3c82b
6,eopatch-153/mask_timeless/CULTIVATED.npy.gz,52f98c510f3974c6cea4f9f00616707a
7,eopatch-153/mask_timeless/NOT_DECLARED.npy.gz,947bbab1ed75e3e772fcb4295c7dccba
8,eopatch-153/scalar/NORM_FACTORS.npy.gz,e1dfdc6189e2a263dfd966ec45d56662
9,eopatch-294/data/BANDS.npy.gz,537f3bc1ac8649bc4fc736d93fae576a
10,eopatch-294/data/CLP.npy.gz,9783daf9a4806eaff377e4ec9abcad63
11,eopatch-294/mask/CLM.npy.gz,04f14dae3c776fac9973378710c694ae
12,eopatch-294/mask/IS_DATA.npy.gz,7eb27e46eb556b299ff3b7309c6926c7
13,eopatch-294/mask/SCL.npy.gz,1f46d86a675d18b1f69a31dd3cc55407
14,eopatch-294/mask_timeless/ALL_POLYS.npy.gz,250542e45ad04db9f815f1ed58fe21f4
15,eopatch-294/mask_timeless/CULTIVATED.npy.gz,515f97ed206377bf3db24a81e3d959b0
16,eopatch-294/mask_timeless/NOT_DECLARED.npy.gz,2f47415999a05eb8c02ced0d997d4605
17,eopatch-294/scalar/NORM_FACTORS.npy.gz,476e1d524bdc0ac1e4e9186198e4575f
18,eopatch-298/data/BANDS.npy.gz,16acf8a1fff24499c7b7b93762e5254b
19,eopatch-298/data/CLP.npy.gz,2f6db0e9acdd1952d872e0ee7babe750
20,eopatch-298/mask/CLM.npy.gz,cc553a671015c17beed6ec2bbeb5c7b3
21,eopatch-298/mask/IS_DATA.npy.gz,a8e4a8c3bd0d4a2e06455eccade6d8be
22,eopatch-298/mask/SCL.npy.gz,8b0a81a4444fd19dbfc2e30001f300ec
23,eopatch-298/mask_timeless/ALL_POLYS.npy.gz,90b3d2a1f8943b4d02c3bbddb3419286
24,eopatch-298/mask_timeless/CULTIVATED.npy.gz,ab64f361b8f18a58ebf87192aa64e6f8
25,eopatch-298/mask_timeless/NOT_DECLARED.npy.gz,26b51ae5e1884fc927fe815bdbedde3b
26,eopatch-298/scalar/NORM_FACTORS.npy.gz,81e4b5ac3c170a5e28cfbcbd45768ff4
27,eopatch-299/data/BANDS.npy.gz,a0050d975c45f972952638bb432dc992
28,eopatch-299/data/CLP.npy.gz,d66e2b97b06ee078f8fc6a284aeaa786
29,eopatch-299/mask/CLM.npy.gz,a1bedc53cad50b8dee7dd20bfcdcf515
30,eopatch-299/mask/IS_DATA.npy.gz,a8e4a8c3bd0d4a2e06455eccade6d8be
31,eopatch-299/mask/SCL.npy.gz,37a057a2d96144e02984c08e9a4d0f6d
32,eopatch-299/mask_timeless/ALL_POLYS.npy.gz,1b04ca36a91ee7d98dd1ddc60f90657c
33,eopatch-299/mask_timeless/CULTIVATED.npy.gz,d28b70c511639f93f7cecec6960beabc
34,eopatch-299/mask_timeless/NOT_DECLARED.npy.gz,7bca2e5392bed7ceedcacc321c9d8666
35,eopatch-299/scalar/NORM_FACTORS.npy.gz,81e4b5ac3c170a5e28cfbcbd45768ff4
36,eopatch-316/data/BANDS.npy.gz,978df8be53dc9bf6981d61339f5d6709
37,eopatch-316/data/CLP.npy.gz,218905655ace9e658d50d16a678936e8
38,eopatch-316/mask/CLM.npy.gz,f5ae02c5c5def434c3f50568b66e4a4a
39,eopatch-316/mask/IS_DATA.npy.gz,7eb27e46eb556b299ff3b7309c6926c7
40,eopatch-316/mask/SCL.npy.gz,143bb2760f71749533ae7af3589fc81c
41,eopatch-316/mask_timeless/ALL_POLYS.npy.gz,bc31d103fc9f43f1b82baeb8b1a43b08
42,eopatch-316/mask_timeless/CULTIVATED.npy.gz,7e7207cee792881ebafde3d1070cd4e0
43,eopatch-316/mask_timeless/NOT_DECLARED.npy.gz,6c847cd981063f916d34d7105360c85d
44,eopatch-316/scalar/NORM_FACTORS.npy.gz,476e1d524bdc0ac1e4e9186198e4575f
45,eopatch-320/data/BANDS.npy.gz,1ff8fc2011ebf47ab6545364b0d6f7cf
46,eopatch-320/data/CLP.npy.gz,7291edb3487cd4a9bc0d3cff7729d973
47,eopatch-320/mask/CLM.npy.gz,889a11015a8cf9e67516016d00718328
48,eopatch-320/mask/IS_DATA.npy.gz,a8e4a8c3bd0d4a2e06455eccade6d8be
49,eopatch-320/mask/SCL.npy.gz,e3e4c423fe4b82adb7a03eecc9cd39a5
50,eopatch-320/mask_timeless/ALL_POLYS.npy.gz,5d339c0ac9a43dfe51100a881e9fbb1e
51,eopatch-320/mask_timeless/CULTIVATED.npy.gz,155833f8dfe39dd208a2476d3a8bf8a2
52,eopatch-320/mask_timeless/NOT_DECLARED.npy.gz,c0e095eda5b656bf8f9163cab2fd1594
53,eopatch-320/scalar/NORM_FACTORS.npy.gz,81e4b5ac3c170a5e28cfbcbd45768ff4
54,eopatch-341/data/BANDS.npy.gz,7953713356a08e1490160a7eb1eae2a9
55,eopatch-341/data/CLP.npy.gz,1045921ef7141749ba52dd40d8f27753
56,eopatch-341/mask/CLM.npy.gz,d8cd2bf131d0a087862f7a675f827718
57,eopatch-341/mask/IS_DATA.npy.gz,a8e4a8c3bd0d4a2e06455eccade6d8be
58,eopatch-341/mask/SCL.npy.gz,d1acebe7ac68c7811245f9c2f367a5db
59,eopatch-341/mask_timeless/ALL_POLYS.npy.gz,d5e18793417ec8527b338cf776dd199a
60,eopatch-341/mask_timeless/CULTIVATED.npy.gz,5c5ab1bdc21d59e0758b4b336c5f3a59
61,eopatch-341/mask_timeless/NOT_DECLARED.npy.gz,ad4f3c2e16bfef35c36670948ed41e37
62,eopatch-341/scalar/NORM_FACTORS.npy.gz,81e4b5ac3c170a5e28cfbcbd45768ff4
63,eopatch-342/data/BANDS.npy.gz,3b298decf71e08ac48076a7bfdbe5397
64,eopatch-342/data/CLP.npy.gz,66cc77e0c4f38b6f716cc655186df22f
65,eopatch-342/mask/CLM.npy.gz,550384242b84b2e393546ff9b0da9d52
66,eopatch-342/mask/IS_DATA.npy.gz,a8e4a8c3bd0d4a2e06455eccade6d8be
67,eopatch-342/mask/SCL.npy.gz,e5308d873ba9fc996c63e18c73655754
68,eopatch-342/mask_timeless/ALL_POLYS.npy.gz,c68ae9a4e2e1576ab8852953719b58c6
69,eopatch-342/mask_timeless/CULTIVATED.npy.gz,699c3fa21117a61c27a7c7ba1c8c01c4
70,eopatch-342/mask_timeless/NOT_DECLARED.npy.gz,5259646d5fa3e92a09c2ed6840fda152
71,eopatch-342/scalar/NORM_FACTORS.npy.gz,81e4b5ac3c170a5e28cfbcbd45768ff4
72,eopatch-343/data/BANDS.npy.gz,fa95585cad7275bf7da4270e761f4ff0
73,eopatch-343/data/CLP.npy.gz,0759cc015b78c2e9c84a4522e766809c
74,eopatch-343/mask/CLM.npy.gz,04f29b61c303d808b2299de7fdb86e69
75,eopatch-343/mask/IS_DATA.npy.gz,a8e4a8c3bd0d4a2e06455eccade6d8be
76,eopatch-343/mask/SCL.npy.gz,dd86427669bfa0b849cc450a53594fb8
77,eopatch-343/mask_timeless/ALL_POLYS.npy.gz,1abef4311e7ebccfc5726872c746f95b
78,eopatch-343/mask_timeless/CULTIVATED.npy.gz,0f940549867195a4373f102e1eaedfc4
79,eopatch-343/mask_timeless/NOT_DECLARED.npy.gz,6ce0f88ce69047148b4c7058e813966c
80,eopatch-343/scalar/NORM_FACTORS.npy.gz,81e4b5ac3c170a5e28cfbcbd45768ff4
81,eopatch-344/data/BANDS.npy.gz,d1e7012c3acdcf99a1ab3c702af27ffd
82,eopatch-344/data/CLP.npy.gz,c2d3d6ceff010876143f4e33fbb9d5ab
83,eopatch-344/mask/CLM.npy.gz,cde59e397238fede762b80fc7ac97e1f
84,eopatch-344/mask/IS_DATA.npy.gz,a8e4a8c3bd0d4a2e06455eccade6d8be
85,eopatch-344/mask/SCL.npy.gz,4ca38442b50fab086fb15ae793b644e1
86,eopatch-344/mask_timeless/ALL_POLYS.npy.gz,f951edbe6425bd1ab00ef21099c78cc6
87,eopatch-344/mask_timeless/CULTIVATED.npy.gz,75f029c80febb3edb02f042cf230cae8
88,eopatch-344/mask_timeless/NOT_DECLARED.npy.gz,3f36aa9e138ccbd0cf55413cbfae457c
89,eopatch-344/scalar/NORM_FACTORS.npy.gz,81e4b5ac3c170a5e28cfbcbd45768ff4
90,eopatch-363/data/BANDS.npy.gz,22b6099b65629d5e1c1673368363c0da
91,eopatch-363/data/CLP.npy.gz,0fabb8a97f3229787979618d14c9c70d
92,eopatch-363/mask/CLM.npy.gz,881055e6a2c32105ce03063562a4da26
93,eopatch-363/mask/IS_DATA.npy.gz,a8e4a8c3bd0d4a2e06455eccade6d8be
94,eopatch-363/mask/SCL.npy.gz,8f7c2ee0c11025899edb42501610624b
95,eopatch-363/mask_timeless/ALL_POLYS.npy.gz,c2cd4bf494f5a106a6e140d78a1dd108
96,eopatch-363/mask_timeless/CULTIVATED.npy.gz,67e180af0e5a42a3c8452b02e3dfb4c4
97,eopatch-363/mask_timeless/NOT_DECLARED.npy.gz,ea28a7ddf0166b0e21e27ec6e199cbe4
98,eopatch-363/scalar/NORM_FACTORS.npy.gz,81e4b5ac3c170a5e28cfbcbd45768ff4
99,eopatch-364/data/BANDS.npy.gz,0a3820d254b11508d2649aca21c95320
100,eopatch-364/data/CLP.npy.gz,af6faccb12b51171b14fb0711d9ab876
101,eopatch-364/mask/CLM.npy.gz,00a85051a17a0ea4d1fa9356f2b005eb
102,eopatch-364/mask/IS_DATA.npy.gz,a8e4a8c3bd0d4a2e06455eccade6d8be
103,eopatch-364/mask/SCL.npy.gz,b73728980d5e83b7cc5b07e8dba9869b
104,eopatch-364/mask_timeless/ALL_POLYS.npy.gz,d622dbc6c29d2a1bf6caf092c6cac35e
105,eopatch-364/mask_timeless/CULTIVATED.npy.gz,7b762e005df97faa746ee2bfe64c4175
106,eopatch-364/mask_timeless/NOT_DECLARED.npy.gz,314d765c9cda400d25054dd0c14864ba
107,eopatch-364/scalar/NORM_FACTORS.npy.gz,81e4b5ac3c170a5e28cfbcbd45768ff4
108,eopatch-365/data/BANDS.npy.gz,8dc17c283d7dde3d246e52391cef51b1
109,eopatch-365/data/CLP.npy.gz,c75954a12151b9754bd29dcfcba99e4b
110,eopatch-365/mask/CLM.npy.gz,48be2a7dbaa15e2013c77dcf37de57c6
111,eopatch-365/mask/IS_DATA.npy.gz,a8e4a8c3bd0d4a2e06455eccade6d8be
112,eopatch-365/mask/SCL.npy.gz,acab6f1c00fb0bbf6e4aad234911ab24
113,eopatch-365/mask_timeless/ALL_POLYS.npy.gz,41ac1ca517249463e5ef6966feeaf035
114,eopatch-365/mask_timeless/CULTIVATED.npy.gz,d1e0fa9e8f7feec2e35950b8983c8587
115,eopatch-365/mask_timeless/NOT_DECLARED.npy.gz,514d89069b632a2399b93d67c32ed607
116,eopatch-365/scalar/NORM_FACTORS.npy.gz,81e4b5ac3c170a5e28cfbcbd45768ff4
117,eopatch-381/data/BANDS.npy.gz,67567c5687e157e380c6f683ab48ff4d
118,eopatch-381/data/CLP.npy.gz,62047dab019f0793552df1db2a4995e0
119,eopatch-381/mask/CLM.npy.gz,d871a14b945f86f84515be973ae48afb
120,eopatch-381/mask/IS_DATA.npy.gz,a8e4a8c3bd0d4a2e06455eccade6d8be
121,eopatch-381/mask/SCL.npy.gz,5f00f5c875bc837df8879d17e33294ff
122,eopatch-381/mask_timeless/ALL_POLYS.npy.gz,590d512f8018c09c4f7c15c0ab32e6e6
123,eopatch-381/mask_timeless/CULTIVATED.npy.gz,dd77a0a2f57c29f9c2f6f5865c9c7d8d
124,eopatch-381/mask_timeless/NOT_DECLARED.npy.gz,6f5028b64dd02ceb7822aa92bf5f8fa3
125,eopatch-381/scalar/NORM_FACTORS.npy.gz,81e4b5ac3c170a5e28cfbcbd45768ff4
126,eopatch-383/data/BANDS.npy.gz,bbabed754b219958da31240606d51778
127,eopatch-383/data/CLP.npy.gz,f51ea36f75804d09db674bf9e4a8bd8b
128,eopatch-383/mask/CLM.npy.gz,8b2ccb7c1c31592db1098d1ddd19f4a4
129,eopatch-383/mask/IS_DATA.npy.gz,a8e4a8c3bd0d4a2e06455eccade6d8be
130,eopatch-383/mask/SCL.npy.gz,b25b7dfe42f52b064666f3f93fec4337
131,eopatch-383/mask_timeless/ALL_POLYS.npy.gz,6d7b36d00ddca6893b2adb833c1737e4
132,eopatch-383/mask_timeless/CULTIVATED.npy.gz,046516161965bcfb10a0363261a78a42
133,eopatch-383/mask_timeless/NOT_DECLARED.npy.gz,9d9e4376949aea15d4dc1eb4917b074f
134,eopatch-383/scalar/NORM_FACTORS.npy.gz,81e4b5ac3c170a5e28cfbcbd45768ff4
135,eopatch-402/data/BANDS.npy.gz,2b8b98f79cb8a17b0e3359dcc0856c35
136,eopatch-402/data/CLP.npy.gz,11aa0d222862575acc7bf2d091eceb3c
137,eopatch-402/mask/CLM.npy.gz,5657ecb3b7f21602615db58ceb1657ad
138,eopatch-402/mask/IS_DATA.npy.gz,a8e4a8c3bd0d4a2e06455eccade6d8be
139,eopatch-402/mask/SCL.npy.gz,a6ba6ca5163dc52aa96f658a9147fb47
140,eopatch-402/mask_timeless/ALL_POLYS.npy.gz,422942d372ac94f26202759947337be4
141,eopatch-402/mask_timeless/CULTIVATED.npy.gz,609a3acd797e4200a2278bd86625e931
142,eopatch-402/mask_timeless/NOT_DECLARED.npy.gz,eb10114e64ea2b554ddd80181dba16f0
143,eopatch-402/scalar/NORM_FACTORS.npy.gz,81e4b5ac3c170a5e28cfbcbd45768ff4
144,eopatch-404/data/BANDS.npy.gz,b839cd99d9215a19b55c86733b5652da
145,eopatch-404/data/CLP.npy.gz,67d20790414b777f9626276ff9b3606b
146,eopatch-404/mask/CLM.npy.gz,64560dd435513bd4e3017c0f41dfa715
147,eopatch-404/mask/IS_DATA.npy.gz,a8e4a8c3bd0d4a2e06455eccade6d8be
148,eopatch-404/mask/SCL.npy.gz,3b4bd6b9f60863db4d738fb7f9d820d2
149,eopatch-404/mask_timeless/ALL_POLYS.npy.gz,70eb3ab8b69497b46b895fe3745e03a5
150,eopatch-404/mask_timeless/CULTIVATED.npy.gz,ab8f67e8631c8c454fa8255af6685767
151,eopatch-404/mask_timeless/NOT_DECLARED.npy.gz,9cc56f57b4bce990a1c5b66f18cbda07
152,eopatch-404/scalar/NORM_FACTORS.npy.gz,81e4b5ac3c170a5e28cfbcbd45768ff4
153,eopatch-471/data/BANDS.npy.gz,9c1306ea10a5b19161c4aa89330d3f71
154,eopatch-471/data/CLP.npy.gz,4c128061a084051f8dd03fb8d60d68ee
155,eopatch-471/mask/CLM.npy.gz,d814f84797eb3bcb43cb096b22a951ec
156,eopatch-471/mask/IS_DATA.npy.gz,e2dce46903dc441f1ce104168c9e372f
157,eopatch-471/mask/SCL.npy.gz,02d9c535da31b172eea4ec8f2ef0b7e8
158,eopatch-471/mask_timeless/ALL_POLYS.npy.gz,bd28924e33e74cdbfa53e17dab9828aa
159,eopatch-471/mask_timeless/CULTIVATED.npy.gz,aa83d0769a3971877e2d79874472c9e4
160,eopatch-471/mask_timeless/NOT_DECLARED.npy.gz,15d82f20d4d484c238bde1dcf3a81613
161,eopatch-471/scalar/NORM_FACTORS.npy.gz,e1dfdc6189e2a263dfd966ec45d56662
162,eopatch-498/data/BANDS.npy.gz,a2569456bfa1965e9c535c69afa250b6
163,eopatch-498/data/CLP.npy.gz,00ff9940b2271fb23fca9d2219c14446
164,eopatch-498/mask/CLM.npy.gz,95fd4a3fdfb73dcf2c313b2ac1239cef
165,eopatch-498/mask/IS_DATA.npy.gz,e2dce46903dc441f1ce104168c9e372f
166,eopatch-498/mask/SCL.npy.gz,9b3619e2c5d5b22e67a937e3bd17209f
167,eopatch-498/mask_timeless/ALL_POLYS.npy.gz,e50e83c2fd6f7892096edd006cac30b9
168,eopatch-498/mask_timeless/CULTIVATED.npy.gz,1ba80ef65195aa2ee6cd11138fc88948
169,eopatch-498/mask_timeless/NOT_DECLARED.npy.gz,c100c7d741d0dca96984a4620deff03a
170,eopatch-498/scalar/NORM_FACTORS.npy.gz,e1dfdc6189e2a263dfd966ec45d56662
171,eopatch-523/data/BANDS.npy.gz,2c51e723852d2ec40c060a079a4d9df8
172,eopatch-523/data/CLP.npy.gz,3e74489e8e4155d7f2c34c2f6efe0f5c
173,eopatch-523/mask/CLM.npy.gz,77d70281b9dc693da39d825e1e4ba8d4
174,eopatch-523/mask/IS_DATA.npy.gz,354d202c44fc23b729e2a15794519353
175,eopatch-523/mask/SCL.npy.gz,77a775f6de748e259ff384e6b4ddc597
176,eopatch-523/mask_timeless/ALL_POLYS.npy.gz,94c024a1e22583be59d835ed42fe1141
177,eopatch-523/mask_timeless/CULTIVATED.npy.gz,97c2d91debb15123ae4f955512086cee
178,eopatch-523/mask_timeless/NOT_DECLARED.npy.gz,f7ea7ddab56b86b30e3c83896b6b905c
179,eopatch-523/scalar/NORM_FACTORS.npy.gz,1bb06cf1fe3ac19503302726990cfb7c
180,eopatch-558/data/BANDS.npy.gz,325f5824db53bbf56d01799cf3a056dd
181,eopatch-558/data/CLP.npy.gz,fa525f70b87aab14247e81e148c6ac0f
182,eopatch-558/mask/CLM.npy.gz,da52d78962f00cce26d3d47fdfd4d9d2
183,eopatch-558/mask/IS_DATA.npy.gz,faa2e80db841028d2b2a0a0c6a9397e2
184,eopatch-558/mask/SCL.npy.gz,93ec1256957665f4896a7ad947ea5353
185,eopatch-558/mask_timeless/ALL_POLYS.npy.gz,313ef1df4cc996ea0a44496b0bd77b41
186,eopatch-558/mask_timeless/CULTIVATED.npy.gz,9241e4895de14850dc380a7d23c10381
187,eopatch-558/mask_timeless/NOT_DECLARED.npy.gz,b7e9e31e5b751baecf42ac68e6a5df70
188,eopatch-558/scalar/NORM_FACTORS.npy.gz,4d57774b341c61311549e9fa88ee3f9b
189,eopatch-559/data/BANDS.npy.gz,a10ee02b69b908cb54f42d398d7bcb78
190,eopatch-559/data/CLP.npy.gz,e9cb6716abe2edb54574caae03f8e9f7
191,eopatch-559/mask/CLM.npy.gz,8cc1e5124a30a9ce22c99172af76e076
192,eopatch-559/mask/IS_DATA.npy.gz,faa2e80db841028d2b2a0a0c6a9397e2
193,eopatch-559/mask/SCL.npy.gz,186bab38806d749432681856a320da5a
194,eopatch-559/mask_timeless/ALL_POLYS.npy.gz,824c29f44711a5b1899c7c85aadfc5ee
195,eopatch-559/mask_timeless/CULTIVATED.npy.gz,97860228b00e0718e0f7c176d9d93325
196,eopatch-559/mask_timeless/NOT_DECLARED.npy.gz,db993d31941db8f2f0c9d15aad656ff3
197,eopatch-559/scalar/NORM_FACTORS.npy.gz,4d57774b341c61311549e9fa88ee3f9b
198,eopatch-577/data/BANDS.npy.gz,02dfd534a64a3826083cd4e91b53447a
199,eopatch-577/data/CLP.npy.gz,dc85e73d7fc8280a76c447f1e717795f
200,eopatch-577/mask/CLM.npy.gz,8e00491b7bf3645602d660e9ae5bbba4
201,eopatch-577/mask/IS_DATA.npy.gz,1d4814081d3a8ae018a0cbd6aa000ef1
202,eopatch-577/mask/SCL.npy.gz,142a4176c302b79380cac47a9f464cea
203,eopatch-577/mask_timeless/ALL_POLYS.npy.gz,b25b651ecfd2f4970781f310bb0482bf
204,eopatch-577/mask_timeless/CULTIVATED.npy.gz,f2ff414f00007369cf04e247815d31f6
205,eopatch-577/mask_timeless/NOT_DECLARED.npy.gz,9c8133b3291d30a84b8999218bc742e9
206,eopatch-577/scalar/NORM_FACTORS.npy.gz,1bb06cf1fe3ac19503302726990cfb7c
207,eopatch-599/data/BANDS.npy.gz,8c1477d0f016e2bc01bec1374183cd1f
208,eopatch-599/data/CLP.npy.gz,ca22c7029aa5539403989723d45f9025
209,eopatch-599/mask/CLM.npy.gz,5fe00a4f32d47625771050487aed773e
210,eopatch-599/mask/IS_DATA.npy.gz,bb27abef90ecaf9f43c70c9d6d6051d6
211,eopatch-599/mask/SCL.npy.gz,0070d6dad9d3e49b435bdca20c84fa53
212,eopatch-599/mask_timeless/ALL_POLYS.npy.gz,1e409cfbfa08ee3651f4ea816b07f2f1
213,eopatch-599/mask_timeless/CULTIVATED.npy.gz,60ffc38925f7a53640edcc7842153c43
214,eopatch-599/mask_timeless/NOT_DECLARED.npy.gz,e0c7e9cc7ee7ef527b812c76b305eade
215,eopatch-599/scalar/NORM_FACTORS.npy.gz,5082dfe60e3ab957ba5c312232f8b386
216,eopatch-644/data/BANDS.npy.gz,5d512f92eb7c54ae23de135edaa893f0
217,eopatch-644/data/CLP.npy.gz,3abb171d9033d612a8f65710ecbf0179
218,eopatch-644/mask/CLM.npy.gz,16269f1a342959f8950f7a247f78239c
219,eopatch-644/mask/IS_DATA.npy.gz,726908764d2473cb479caa4bdaac752a
220,eopatch-644/mask/SCL.npy.gz,3916312513f992a469049802f194fbb2
221,eopatch-644/mask_timeless/ALL_POLYS.npy.gz,c9e55825c79616043e31269df1e52cb5
222,eopatch-644/mask_timeless/CULTIVATED.npy.gz,82fdc76265f8d1913d5bad9573cabf06
223,eopatch-644/mask_timeless/NOT_DECLARED.npy.gz,389bcd2c9f5ceb2ee140be5f8bb0b45e
224,eopatch-644/scalar/NORM_FACTORS.npy.gz,bb722b6c32cf2a9c0ab36db1f5ea11d1
225,eopatch-652/data/BANDS.npy.gz,808cd0a55ad8338d550129f1db1b36f7
226,eopatch-652/data/CLP.npy.gz,73cae9624f597264c7760dc7b098e95f
227,eopatch-652/mask/CLM.npy.gz,4b08082eaebdc251c2c845f92cc7af69
228,eopatch-652/mask/IS_DATA.npy.gz,8a89d6aac019a422dd84361c763d8155
229,eopatch-652/mask/SCL.npy.gz,51c07e595637b0f70802ed9a03f9d7ec
230,eopatch-652/mask_timeless/ALL_POLYS.npy.gz,ab96a74c04cdabcd909cb7fbdeee7dd7
231,eopatch-652/mask_timeless/CULTIVATED.npy.gz,684214b46c61bd74ccf29fa4c29fc549
232,eopatch-652/mask_timeless/NOT_DECLARED.npy.gz,bc8e76103bc65d4293f13d8b4b8961d5
233,eopatch-652/scalar/NORM_FACTORS.npy.gz,bb722b6c32cf2a9c0ab36db1f5ea11d1
234,eopatch-672/data/BANDS.npy.gz,ad76f4678bca858f9ab9fa20b088f401
235,eopatch-672/data/CLP.npy.gz,bbad897a79d6557177694c7f18d4a7a2
236,eopatch-672/mask/CLM.npy.gz,2131d225843a8f466a62b59e4dd39731
237,eopatch-672/mask/IS_DATA.npy.gz,726908764d2473cb479caa4bdaac752a
238,eopatch-672/mask/SCL.npy.gz,386fa4bc39bd23587d50ad7a9171eebe
239,eopatch-672/mask_timeless/ALL_POLYS.npy.gz,ed11bc5a4c8ce6d18c1f25f4cfdcf732
240,eopatch-672/mask_timeless/CULTIVATED.npy.gz,4b18938383271631653a0b0e9f8dd6b4
241,eopatch-672/mask_timeless/NOT_DECLARED.npy.gz,8709cb04e3c197ef923a2e358bb5f4e6
242,eopatch-672/scalar/NORM_FACTORS.npy.gz,bb722b6c32cf2a9c0ab36db1f5ea11d1
243,eopatch-688/data/BANDS.npy.gz,c20ed4d84e3c122005db2cdd691be2c4
244,eopatch-688/data/CLP.npy.gz,3e2d89355f34abdae249d28b0901f085
245,eopatch-688/mask/CLM.npy.gz,b3045debfb147594893916638665b848
246,eopatch-688/mask/IS_DATA.npy.gz,bb27abef90ecaf9f43c70c9d6d6051d6
247,eopatch-688/mask/SCL.npy.gz,f36fee195815df2a5f4b5870b85eb908
248,eopatch-688/mask_timeless/ALL_POLYS.npy.gz,d9af0f39cc9e260ba3a46536f826148e
249,eopatch-688/mask_timeless/CULTIVATED.npy.gz,962bff33a5a33ec0c030f3d1ee9d3dce
250,eopatch-688/mask_timeless/NOT_DECLARED.npy.gz,b72bfd3f8737111621614e3b729e5d44
251,eopatch-688/scalar/NORM_FACTORS.npy.gz,5082dfe60e3ab957ba5c312232f8b386
252,eopatch-689/data/BANDS.npy.gz,9653ca62b71c8c449f64da579508d190
253,eopatch-689/data/CLP.npy.gz,3c7d6b4b2669c70345fb1d96f5b22b72
254,eopatch-689/mask/CLM.npy.gz,6c22f0a660b1bc50344f4221fd8cdb3e
255,eopatch-689/mask/IS_DATA.npy.gz,bb27abef90ecaf9f43c70c9d6d6051d6
256,eopatch-689/mask/SCL.npy.gz,1e33bee681b9678243a244de39263be9
257,eopatch-689/mask_timeless/ALL_POLYS.npy.gz,f8851ffa7d2e5e80c1d4894c0eb86e79
258,eopatch-689/mask_timeless/CULTIVATED.npy.gz,ba751729f9e02d454f3e08f9882e6a80
259,eopatch-689/mask_timeless/NOT_DECLARED.npy.gz,e1c26af27633029f1de53ecd5bb30626
260,eopatch-689/scalar/NORM_FACTORS.npy.gz,5082dfe60e3ab957ba5c312232f8b386
261,eopatch-697/data/BANDS.npy.gz,89936613c7a781308ac65f7eb1949d6d
262,eopatch-697/data/CLP.npy.gz,a9506269e54c733fa58ade90e2f7948e
263,eopatch-697/mask/CLM.npy.gz,37208a8434dd0949dc5f5545f9477f36
264,eopatch-697/mask/IS_DATA.npy.gz,726908764d2473cb479caa4bdaac752a
265,eopatch-697/mask/SCL.npy.gz,c3bad1084affc616d8a5b7eebd233a0d
266,eopatch-697/mask_timeless/ALL_POLYS.npy.gz,3b42bf7b60baba58301c3b7bc37f5c7a
267,eopatch-697/mask_timeless/CULTIVATED.npy.gz,819ca50a8c9b98be551241f1dae4e9b1
268,eopatch-697/mask_timeless/NOT_DECLARED.npy.gz,85ed21ef28a4099aff43a2b00dc9e06b
269,eopatch-697/scalar/NORM_FACTORS.npy.gz,bb722b6c32cf2a9c0ab36db1f5ea11d1
270,eopatch-718/data/BANDS.npy.gz,d1bf74e9fbdd237b3d78b6438a2d09ef
271,eopatch-718/data/CLP.npy.gz,6ac0a789dd58e7a1cd6f9549e93ec575
272,eopatch-718/mask/CLM.npy.gz,6143993ec89a3915a601ad45c1fc6459
273,eopatch-718/mask/IS_DATA.npy.gz,726908764d2473cb479caa4bdaac752a
274,eopatch-718/mask/SCL.npy.gz,3fc6874223232dbbe26afd3c3a08edd8
275,eopatch-718/mask_timeless/ALL_POLYS.npy.gz,57aa3688edd1d35973126f2371607997
276,eopatch-718/mask_timeless/CULTIVATED.npy.gz,17f8bc37df26ae87731622eae98dd4a9
277,eopatch-718/mask_timeless/NOT_DECLARED.npy.gz,6f44184866583ac7d3fcbc91a01abe5c
278,eopatch-718/scalar/NORM_FACTORS.npy.gz,bb722b6c32cf2a9c0ab36db1f5ea11d1
279,eopatch-731/data/BANDS.npy.gz,9a4af9acbba1824b9e1808463f18778b
280,eopatch-731/data/CLP.npy.gz,4e3498128ddeacf09e299dabc2bc90ce
281,eopatch-731/mask/CLM.npy.gz,dbbcba7b5a18b10fcfb8ab3fc8526748
282,eopatch-731/mask/IS_DATA.npy.gz,13849ac130ca50fbbcd0fd2e99a250a1
283,eopatch-731/mask/SCL.npy.gz,d84729cff6051eb3d5aae12d0b316acc
284,eopatch-731/mask_timeless/ALL_POLYS.npy.gz,768bb68159fb9b5159338fc6d6a40aaf
285,eopatch-731/mask_timeless/CULTIVATED.npy.gz,e658f9c84f21a86f94ffa0506d32046d
286,eopatch-731/mask_timeless/NOT_DECLARED.npy.gz,b8467d429db2cec39c5e401d8f084d2a
287,eopatch-731/scalar/NORM_FACTORS.npy.gz,5dcfda274e7496d193d606e930e74f6e
288,eopatch-738/data/BANDS.npy.gz,54ad85737792d633b278e04f75beddcb
289,eopatch-738/data/CLP.npy.gz,4ad66976a7e389fd6ca6300bc9cc9f43
290,eopatch-738/mask/CLM.npy.gz,29cc7e4ebf9033771c6a7b4c4817f263
291,eopatch-738/mask/IS_DATA.npy.gz,726908764d2473cb479caa4bdaac752a
292,eopatch-738/mask/SCL.npy.gz,8ed119aabfe2d3c4413515e60b9b70ff
293,eopatch-738/mask_timeless/ALL_POLYS.npy.gz,60ceef40a752bfa46bb86ddd534e8bc8
294,eopatch-738/mask_timeless/CULTIVATED.npy.gz,63e22754c69d74e153a2fb658c1aa49c
295,eopatch-738/mask_timeless/NOT_DECLARED.npy.gz,28ec23381f7e2d7e6deb528a81104e5f
296,eopatch-738/scalar/NORM_FACTORS.npy.gz,bb722b6c32cf2a9c0ab36db1f5ea11d1
297,eopatch-740/data/BANDS.npy.gz,f2e85fee89a0bd988b3eb4894cd8931d
298,eopatch-740/data/CLP.npy.gz,da01597f6427f30b9bc7f27f824395c9
299,eopatch-740/mask/CLM.npy.gz,9ac76c93e4d0a89299d71806991a3d7d
300,eopatch-740/mask/IS_DATA.npy.gz,726908764d2473cb479caa4bdaac752a
301,eopatch-740/mask/SCL.npy.gz,cf6844b6745f5c00c8ca1eccd90f5ede
302,eopatch-740/mask_timeless/ALL_POLYS.npy.gz,6386ab3a6bec6388fe8f788accb63322
303,eopatch-740/mask_timeless/CULTIVATED.npy.gz,588b2764a7384a8256858c08c2518558
304,eopatch-740/mask_timeless/NOT_DECLARED.npy.gz,7bf4514e49949199e905dc2c5e3f0306
305,eopatch-740/scalar/NORM_FACTORS.npy.gz,bb722b6c32cf2a9c0ab36db1f5ea11d1
306,eopatch-751/data/BANDS.npy.gz,b0f481bc26ff2a42e94125717f03b3ca
307,eopatch-751/data/CLP.npy.gz,e41162ee3f5d6dfe5b0801e3aa8195e7
308,eopatch-751/mask/CLM.npy.gz,3f95b5979c513252c4ff10fff22dafe3
309,eopatch-751/mask/IS_DATA.npy.gz,13849ac130ca50fbbcd0fd2e99a250a1
310,eopatch-751/mask/SCL.npy.gz,8b614dfc84d8b7171a1b7095ec888191
311,eopatch-751/mask_timeless/ALL_POLYS.npy.gz,53e065f2ded6b06d781e82f58cd3e854
312,eopatch-751/mask_timeless/CULTIVATED.npy.gz,e6f7caa836829716ba44ce9efe289a51
313,eopatch-751/mask_timeless/NOT_DECLARED.npy.gz,f5d2ed70482635733b6178cb48b14be1
314,eopatch-751/scalar/NORM_FACTORS.npy.gz,5dcfda274e7496d193d606e930e74f6e
315,eopatch-761/data/BANDS.npy.gz,9d661d503dcc66ac37a9812549dec26a
316,eopatch-761/data/CLP.npy.gz,f862cc3a1da11e2c63307ac8832cfde5
317,eopatch-761/mask/CLM.npy.gz,c9af1a4403482a2d450f28b37c1bb8ab
318,eopatch-761/mask/IS_DATA.npy.gz,726908764d2473cb479caa4bdaac752a
319,eopatch-761/mask/SCL.npy.gz,a37cde5c3d1871295042bf015bfa353e
320,eopatch-761/mask_timeless/ALL_POLYS.npy.gz,9f4af1d3c325ee50c07816dbe2d4a7d3
321,eopatch-761/mask_timeless/CULTIVATED.npy.gz,e9f2b0e19fc19e21652be037cc664204
322,eopatch-761/mask_timeless/NOT_DECLARED.npy.gz,a3ad3dfeef9224434c210fcc377bc49a
323,eopatch-761/scalar/NORM_FACTORS.npy.gz,bb722b6c32cf2a9c0ab36db1f5ea11d1
324,eopatch-770/data/BANDS.npy.gz,255e7666e5cff0600dc793b334ddcdef
325,eopatch-770/data/CLP.npy.gz,77242d68a63930ab616e5796d4c5ab19
326,eopatch-770/mask/CLM.npy.gz,c0d05329f4fdd179628ea364edab8777
327,eopatch-770/mask/IS_DATA.npy.gz,bb27abef90ecaf9f43c70c9d6d6051d6
328,eopatch-770/mask/SCL.npy.gz,3ffccbbfe179c0ff159ce83d6ca586f1
329,eopatch-770/mask_timeless/ALL_POLYS.npy.gz,6e3c09d890f1694b99095016f42572bc
330,eopatch-770/mask_timeless/CULTIVATED.npy.gz,14109a38464c98c8909775d8b503f161
331,eopatch-770/mask_timeless/NOT_DECLARED.npy.gz,d421e88deeb57dca045b992da14ca7bc
332,eopatch-770/scalar/NORM_FACTORS.npy.gz,5082dfe60e3ab957ba5c312232f8b386
333,eopatch-771/data/BANDS.npy.gz,c09950d0825c284f59746361658c9fec
334,eopatch-771/data/CLP.npy.gz,8991e3a3689b2806b70b33d8eabe8983
335,eopatch-771/mask/CLM.npy.gz,57e87422ca219a4a87611d971717d423
336,eopatch-771/mask/IS_DATA.npy.gz,13849ac130ca50fbbcd0fd2e99a250a1
337,eopatch-771/mask/SCL.npy.gz,4e135380003b9445ef2533f287451a42
338,eopatch-771/mask_timeless/ALL_POLYS.npy.gz,5f91eac1148bf1e0e481c4af74589a59
339,eopatch-771/mask_timeless/CULTIVATED.npy.gz,c7730888a9915ecb60e47392e181711b
340,eopatch-771/mask_timeless/NOT_DECLARED.npy.gz,d8da7bf31e9eb72d850f68ef24c98e30
341,eopatch-771/scalar/NORM_FACTORS.npy.gz,5dcfda274e7496d193d606e930e74f6e
342,eopatch-780/data/BANDS.npy.gz,7b9ccc48c277f9f691192e0c3b93059e
343,eopatch-780/data/CLP.npy.gz,a558b2e8bac5062d57d7aa047b4fc214
344,eopatch-780/mask/CLM.npy.gz,0fab276d04faf61ad4ff106e79b4b829
345,eopatch-780/mask/IS_DATA.npy.gz,726908764d2473cb479caa4bdaac752a
346,eopatch-780/mask/SCL.npy.gz,e938a3eb967a9045ae4c6294bf66fd6d
347,eopatch-780/mask_timeless/ALL_POLYS.npy.gz,263def304461dd2819d6bd53e444645a
348,eopatch-780/mask_timeless/CULTIVATED.npy.gz,95d45d112ed5f8e300cd5a190735a3b4
349,eopatch-780/mask_timeless/NOT_DECLARED.npy.gz,5946d966aa3f3d071613b3ad76833810
350,eopatch-780/scalar/NORM_FACTORS.npy.gz,bb722b6c32cf2a9c0ab36db1f5ea11d1
351,eopatch-781/data/BANDS.npy.gz,a214d2053deb4d9f7c01de2ae09d06f0
352,eopatch-781/data/CLP.npy.gz,2111f62a50bd02f336a40a38c574ba3e
353,eopatch-781/mask/CLM.npy.gz,53cff936dfeb0efb57c1b8eb87a8a9c6
354,eopatch-781/mask/IS_DATA.npy.gz,726908764d2473cb479caa4bdaac752a
355,eopatch-781/mask/SCL.npy.gz,1845972fb13b5858f31ac33b083f23ef
356,eopatch-781/mask_timeless/ALL_POLYS.npy.gz,da89e2d5d18be3f4608fd73ec3c13d92
357,eopatch-781/mask_timeless/CULTIVATED.npy.gz,ff2abd32057fd6fe2763aec4e98de9e8
358,eopatch-781/mask_timeless/NOT_DECLARED.npy.gz,f472ed67c27d31eae0066ec1a20e544c
359,eopatch-781/scalar/NORM_FACTORS.npy.gz,bb722b6c32cf2a9c0ab36db1f5ea11d1
360,eopatch-782/data/BANDS.npy.gz,a0ab514fad59dd3c5a77ab6cc24447f9
361,eopatch-782/data/CLP.npy.gz,549df6892177d7b5d733765c3d808b91
362,eopatch-782/mask/CLM.npy.gz,84274dc45dcb9f6e44f17b30ff4f3f3d
363,eopatch-782/mask/IS_DATA.npy.gz,726908764d2473cb479caa4bdaac752a
364,eopatch-782/mask/SCL.npy.gz,380d40dd6b005618cb34b74bf893a510
365,eopatch-782/mask_timeless/ALL_POLYS.npy.gz,35e2a741d59eb2b75eff1a5ec2914969
366,eopatch-782/mask_timeless/CULTIVATED.npy.gz,419437c81f6b6ce0124be66da47fe22a
367,eopatch-782/mask_timeless/NOT_DECLARED.npy.gz,73019e645ea8a862a0b7ab3e33580427
368,eopatch-782/scalar/NORM_FACTORS.npy.gz,bb722b6c32cf2a9c0ab36db1f5ea11d1
369,eopatch-784/data/BANDS.npy.gz,8c491872be802651da5f8c011fa68c7a
370,eopatch-784/data/CLP.npy.gz,5a837e75ddece8047d98daf447f5a459
371,eopatch-784/mask/CLM.npy.gz,d16649ab8c39357b9764d3f23abfb3e3
372,eopatch-784/mask/IS_DATA.npy.gz,726908764d2473cb479caa4bdaac752a
373,eopatch-784/mask/SCL.npy.gz,6e9b9e755d79f21c85e323b3c6e51914
374,eopatch-784/mask_timeless/ALL_POLYS.npy.gz,e4a72e7499ed8e7f974ed24d8a65da38
375,eopatch-784/mask_timeless/CULTIVATED.npy.gz,0924abbb49c765dac9bdf2cfcf45f3fe
376,eopatch-784/mask_timeless/NOT_DECLARED.npy.gz,8b6b125b728745ec4036e38126690421
377,eopatch-784/scalar/NORM_FACTORS.npy.gz,bb722b6c32cf2a9c0ab36db1f5ea11d1
378,eopatch-799/data/BANDS.npy.gz,079aec4d2b362f4f0098ddfc22e4d54a
379,eopatch-799/data/CLP.npy.gz,2a8299a4e77acb5f5ad2fc5a90ece53a
380,eopatch-799/mask/CLM.npy.gz,ad038912c4c3572c2e57d61335127693
381,eopatch-799/mask/IS_DATA.npy.gz,726908764d2473cb479caa4bdaac752a
382,eopatch-799/mask/SCL.npy.gz,ed4972386275b4215f97fcb41c104252
383,eopatch-799/mask_timeless/ALL_POLYS.npy.gz,096bf9e488f1a0a6e522860dd99a1073
384,eopatch-799/mask_timeless/CULTIVATED.npy.gz,d38f0135c360ed6a3cdb389b8c96b7c9
385,eopatch-799/mask_timeless/NOT_DECLARED.npy.gz,057089c7f76e41bd70fdb618fca80f7e
386,eopatch-799/scalar/NORM_FACTORS.npy.gz,bb722b6c32cf2a9c0ab36db1f5ea11d1
387,eopatch-800/data/BANDS.npy.gz,a53b8c453d7b9326161b72e224b4bb2e
388,eopatch-800/data/CLP.npy.gz,fc1786b648899fd9f61a364cc62e2e50
389,eopatch-800/mask/CLM.npy.gz,5f496d77654540ecbe82eb42db242436
390,eopatch-800/mask/IS_DATA.npy.gz,726908764d2473cb479caa4bdaac752a
391,eopatch-800/mask/SCL.npy.gz,e4478ace901e011705a325c3a84ac5c1
392,eopatch-800/mask_timeless/ALL_POLYS.npy.gz,e7e3221c1bfe7f229cdf78df9d68b0e4
393,eopatch-800/mask_timeless/CULTIVATED.npy.gz,3d73e4a03b52ee4920353e933f3d04af
394,eopatch-800/mask_timeless/NOT_DECLARED.npy.gz,ef83cab807f703d9fbc789ac91efd3da
395,eopatch-800/scalar/NORM_FACTORS.npy.gz,bb722b6c32cf2a9c0ab36db1f5ea11d1
396,eopatch-801/data/BANDS.npy.gz,3ac52b8bda216c146d70ebc3d0032f4e
397,eopatch-801/data/CLP.npy.gz,8f3f8a30682e8c35cedf5931c6c7d50a
398,eopatch-801/mask/CLM.npy.gz,5c282c1b744f307853976f1e34dd618c
399,eopatch-801/mask/IS_DATA.npy.gz,726908764d2473cb479caa4bdaac752a
400,eopatch-801/mask/SCL.npy.gz,138dd4ee50f9fee75c5c3607e08ad789
401,eopatch-801/mask_timeless/ALL_POLYS.npy.gz,f151cc71614c80dfb339d307433c0362
402,eopatch-801/mask_timeless/CULTIVATED.npy.gz,e35fd41564ac22379e8a972665a72011
403,eopatch-801/mask_timeless/NOT_DECLARED.npy.gz,3003505f4bc617104261efc6da91cbad
404,eopatch-801/scalar/NORM_FACTORS.npy.gz,bb722b6c32cf2a9c0ab36db1f5ea11d1
405,eopatch-803/data/BANDS.npy.gz,d2f06585354f31ec7720017456df2e74
406,eopatch-803/data/CLP.npy.gz,44bd4d91f8d6f2b681683e4a860ef355
407,eopatch-803/mask/CLM.npy.gz,76cd62a040c9c8570a8a68ac62c4c931
408,eopatch-803/mask/IS_DATA.npy.gz,726908764d2473cb479caa4bdaac752a
409,eopatch-803/mask/SCL.npy.gz,b9028163a3abd0981cb91d4405c4148d
410,eopatch-803/mask_timeless/ALL_POLYS.npy.gz,0d25de9b3698711f77383661b6b4a73c
411,eopatch-803/mask_timeless/CULTIVATED.npy.gz,e8824d718d62f2155a08fe321111dd73
412,eopatch-803/mask_timeless/NOT_DECLARED.npy.gz,8a085c3d85e5b6657c4acc50ce024831
413,eopatch-803/scalar/NORM_FACTORS.npy.gz,bb722b6c32cf2a9c0ab36db1f5ea11d1
414,eopatch-804/data/BANDS.npy.gz,d4a4ac446dbffc605e736f82d3644478
415,eopatch-804/data/CLP.npy.gz,025e729ff309983a5c00c66a0d9bc0a3
416,eopatch-804/mask/CLM.npy.gz,10c9cf485d01a3673c0bfd35a92b0e5b
417,eopatch-804/mask/IS_DATA.npy.gz,726908764d2473cb479caa4bdaac752a
418,eopatch-804/mask/SCL.npy.gz,42297b0fa0bcca94c362e1ed417f4e42
419,eopatch-804/mask_timeless/ALL_POLYS.npy.gz,98224ab89df13394299a943f4e713956
420,eopatch-804/mask_timeless/CULTIVATED.npy.gz,94d449c2eddc94b76e81c420de2fa422
421,eopatch-804/mask_timeless/NOT_DECLARED.npy.gz,2c5b32672a3e7c4b8f17565f0a3cd6f3
422,eopatch-804/scalar/NORM_FACTORS.npy.gz,bb722b6c32cf2a9c0ab36db1f5ea11d1
423,eopatch-805/data/BANDS.npy.gz,53c47ccf0a45d10569b7d32f25d54378
424,eopatch-805/data/CLP.npy.gz,803315a5b521cabf00e486e13441c9bf
425,eopatch-805/mask/CLM.npy.gz,0ec13a755212cb47e35969088cdb9ad7
426,eopatch-805/mask/IS_DATA.npy.gz,726908764d2473cb479caa4bdaac752a
427,eopatch-805/mask/SCL.npy.gz,c21c06ec6445a048546923b45731807e
428,eopatch-805/mask_timeless/ALL_POLYS.npy.gz,48098fd46fdac00416efe551d1721299
429,eopatch-805/mask_timeless/CULTIVATED.npy.gz,88098872f2fd05b615162efc54fa24d2
430,eopatch-805/mask_timeless/NOT_DECLARED.npy.gz,fc74d0c0775d1fe7479d2c99a646195d
431,eopatch-805/scalar/NORM_FACTORS.npy.gz,bb722b6c32cf2a9c0ab36db1f5ea11d1
432,eopatch-811/data/BANDS.npy.gz,6133766a8784555ec884eea38a32be74
433,eopatch-811/data/CLP.npy.gz,686d9986a333c8a8d11fbd03eb749ec0
434,eopatch-811/mask/CLM.npy.gz,53240daf1e6c0900b80919b7bc861ea8
435,eopatch-811/mask/IS_DATA.npy.gz,726908764d2473cb479caa4bdaac752a
436,eopatch-811/mask/SCL.npy.gz,e92da15bc3a4fef905ce28ba9fc2708b
437,eopatch-811/mask_timeless/ALL_POLYS.npy.gz,10c0e19744d8813f41d151c6429cb529
438,eopatch-811/mask_timeless/CULTIVATED.npy.gz,d9924eb14f9fc84352da49120b16d44a
439,eopatch-811/mask_timeless/NOT_DECLARED.npy.gz,f1c135a964116bbcdd6c59714c64ec93
440,eopatch-811/scalar/NORM_FACTORS.npy.gz,bb722b6c32cf2a9c0ab36db1f5ea11d1
441,eopatch-812/data/BANDS.npy.gz,48b96a527e0d146c4723be2144047ace
442,eopatch-812/data/CLP.npy.gz,e19f84ed65a8215e25d694ce9b1c67c5
443,eopatch-812/mask/CLM.npy.gz,714cd38b05eb265df02c8d0efdb2acc1
444,eopatch-812/mask/IS_DATA.npy.gz,726908764d2473cb479caa4bdaac752a
445,eopatch-812/mask/SCL.npy.gz,89bfc4dd0cb3aa527ebe72241350e07f
446,eopatch-812/mask_timeless/ALL_POLYS.npy.gz,c73d1608e40ef43c65a9b66da189a79a
447,eopatch-812/mask_timeless/CULTIVATED.npy.gz,bc94942a2d6a4b585b109bed7707face
448,eopatch-812/mask_timeless/NOT_DECLARED.npy.gz,2cdec60b4b34191b44b80fe4729952c4
449,eopatch-812/scalar/NORM_FACTORS.npy.gz,bb722b6c32cf2a9c0ab36db1f5ea11d1
450,eopatch-813/data/BANDS.npy.gz,f58ae16f1e742878d9948ee2a23786df
451,eopatch-813/data/CLP.npy.gz,d4ab9ffd24ed99f83bb9950649b021f0
452,eopatch-813/mask/CLM.npy.gz,136bd2a85213445079dc9056d64e4cef
453,eopatch-813/mask/IS_DATA.npy.gz,726908764d2473cb479caa4bdaac752a
454,eopatch-813/mask/SCL.npy.gz,a24ddb1d9d93a403ab10b25393bc6dc8
455,eopatch-813/mask_timeless/ALL_POLYS.npy.gz,d6642427724844b2d8aff5ba52e0240c
456,eopatch-813/mask_timeless/CULTIVATED.npy.gz,d3c8eaf0016be56f722cd9ef9114e025
457,eopatch-813/mask_timeless/NOT_DECLARED.npy.gz,76f426a64bc92dd2618a30213e4006cf
458,eopatch-813/scalar/NORM_FACTORS.npy.gz,bb722b6c32cf2a9c0ab36db1f5ea11d1
459,eopatch-815/data/BANDS.npy.gz,9001df64fd33274afb658859dba30832
460,eopatch-815/data/CLP.npy.gz,ad3b1d444257ef32b7f7479cfcb73c97
461,eopatch-815/mask/CLM.npy.gz,6fefa7284620d8911f3e0bd47cfdc30e
462,eopatch-815/mask/IS_DATA.npy.gz,726908764d2473cb479caa4bdaac752a
463,eopatch-815/mask/SCL.npy.gz,cc091ef63dd0a2de86ce8f8c48a3ed0f
464,eopatch-815/mask_timeless/ALL_POLYS.npy.gz,97080df833bf163cf8503dfc22008b35
465,eopatch-815/mask_timeless/CULTIVATED.npy.gz,f38bc6b2cbd99b0bdf4e5e04384aeabf
466,eopatch-815/mask_timeless/NOT_DECLARED.npy.gz,b3ffe3899674ef33ab3ad9593c8cc7c9
467,eopatch-815/scalar/NORM_FACTORS.npy.gz,bb722b6c32cf2a9c0ab36db1f5ea11d1
468,eopatch-816/data/BANDS.npy.gz,767681c001ade75ea4c61ece7c616baa
469,eopatch-816/data/CLP.npy.gz,40b62f579668b10bff25c5574f7ba930
470,eopatch-816/mask/CLM.npy.gz,60331004eed2643e9de055743c5f3ec9
471,eopatch-816/mask/IS_DATA.npy.gz,726908764d2473cb479caa4bdaac752a
472,eopatch-816/mask/SCL.npy.gz,f572981a3aa5d9349a8193671f90bcef
473,eopatch-816/mask_timeless/ALL_POLYS.npy.gz,4cca316def4ab230246d3d1f0ba06bf2
474,eopatch-816/mask_timeless/CULTIVATED.npy.gz,3d62baf8f891f194b6159fc2b2c3a07e
475,eopatch-816/mask_timeless/NOT_DECLARED.npy.gz,21ebf8e7048d1fbf7b5a189a6ebddd61
476,eopatch-816/scalar/NORM_FACTORS.npy.gz,bb722b6c32cf2a9c0ab36db1f5ea11d1
477,eopatch-818/data/BANDS.npy.gz,0cb66180e1b53078aaee62df8b3bcaaf
478,eopatch-818/data/CLP.npy.gz,757b04b7aa94b88b17952d9b2bfb9711
479,eopatch-818/mask/CLM.npy.gz,07109dc98906d37734430014279063f3
480,eopatch-818/mask/IS_DATA.npy.gz,726908764d2473cb479caa4bdaac752a
481,eopatch-818/mask/SCL.npy.gz,033416e58719fe9e3c54e1c64893b516
482,eopatch-818/mask_timeless/ALL_POLYS.npy.gz,6e4db596847dedafcc70b33da554963d
483,eopatch-818/mask_timeless/CULTIVATED.npy.gz,dd9b17a42b457a5d40617179e0408650
484,eopatch-818/mask_timeless/NOT_DECLARED.npy.gz,186cd05fbd92d12b85e967f2b0d5fd72
485,eopatch-818/scalar/NORM_FACTORS.npy.gz,bb722b6c32cf2a9c0ab36db1f5ea11d1
486,eopatch-823/data/BANDS.npy.gz,2150a89172746bc8088099aaf8d96621
487,eopatch-823/data/CLP.npy.gz,1dad7a8600efa4e5717643d2f70434ab
488,eopatch-823/mask/CLM.npy.gz,bf5577cd2aba5eee4fbc089b64eedacb
489,eopatch-823/mask/IS_DATA.npy.gz,726908764d2473cb479caa4bdaac752a
490,eopatch-823/mask/SCL.npy.gz,66c11dda0efd3ba8ab427978a86d415f
491,eopatch-823/mask_timeless/ALL_POLYS.npy.gz,b4133a096897581268ca77be9e8a9e82
492,eopatch-823/mask_timeless/CULTIVATED.npy.gz,23447023422b9942a632af10687ec943
493,eopatch-823/mask_timeless/NOT_DECLARED.npy.gz,07cd6ef09a04fb05c856e839f9980e2d
494,eopatch-823/scalar/NORM_FACTORS.npy.gz,bb722b6c32cf2a9c0ab36db1f5ea11d1
495,eopatch-825/data/BANDS.npy.gz,dd7897494fd91427cbf5fa0311b5d8cd
496,eopatch-825/data/CLP.npy.gz,ab37d0808fcd7d8567ebcd36ffaef372
497,eopatch-825/mask/CLM.npy.gz,2a474077a7e7b811ca9672369f2ff79a
498,eopatch-825/mask/IS_DATA.npy.gz,726908764d2473cb479caa4bdaac752a
499,eopatch-825/mask/SCL.npy.gz,cc213623b393ba8636f96b7d1b719bf3
500,eopatch-825/mask_timeless/ALL_POLYS.npy.gz,d2bbc9b588269979b35c583d4214a15c
501,eopatch-825/mask_timeless/CULTIVATED.npy.gz,950ac1f4f41fb99549b10d4321a91e85
502,eopatch-825/mask_timeless/NOT_DECLARED.npy.gz,f294494117a99f2d699fbabec3f65355
503,eopatch-825/scalar/NORM_FACTORS.npy.gz,bb722b6c32cf2a9c0ab36db1f5ea11d1
504,eopatch-826/data/BANDS.npy.gz,2a5cc9230b798ef0ab23fdfdd1cb19ef
505,eopatch-826/data/CLP.npy.gz,3dce5ed80b59186f5d43dda5e3da3d1d
506,eopatch-826/mask/CLM.npy.gz,09910ca09e8e581f51bb3de334994c21
507,eopatch-826/mask/IS_DATA.npy.gz,726908764d2473cb479caa4bdaac752a
508,eopatch-826/mask/SCL.npy.gz,4349d0e0887c7a7a7d18977610812093
509,eopatch-826/mask_timeless/ALL_POLYS.npy.gz,6aea8af2b88ca2652008e402c033007c
510,eopatch-826/mask_timeless/CULTIVATED.npy.gz,8a4e672278db45b510404730fe1e1b8d
511,eopatch-826/mask_timeless/NOT_DECLARED.npy.gz,a51aac1e6e6013e3b012cc25c1a9ad9c
512,eopatch-826/scalar/NORM_FACTORS.npy.gz,bb722b6c32cf2a9c0ab36db1f5ea11d1
513,eopatch-827/data/BANDS.npy.gz,058e325cddb2b79a14e6e60ae1097de1
514,eopatch-827/data/CLP.npy.gz,cbcff91c5ac0187b2f0321352a9034d4
515,eopatch-827/mask/CLM.npy.gz,143f78873eb6ad33f3baf495f4fa495d
516,eopatch-827/mask/IS_DATA.npy.gz,726908764d2473cb479caa4bdaac752a
517,eopatch-827/mask/SCL.npy.gz,f427c1a702332c04ee9fd608ba4ab7f8
518,eopatch-827/mask_timeless/ALL_POLYS.npy.gz,810ed48858c5af964911423b1e798253
519,eopatch-827/mask_timeless/CULTIVATED.npy.gz,b5714a03bd4bcd14be136569f4113ba1
520,eopatch-827/mask_timeless/NOT_DECLARED.npy.gz,71aac27ed07c6755192c98ef24d1cd55
521,eopatch-827/scalar/NORM_FACTORS.npy.gz,bb722b6c32cf2a9c0ab36db1f5ea11d1
522,eopatch-828/data/BANDS.npy.gz,a38f7dfc402e9b336fc8e732c1d3bd34
523,eopatch-828/data/CLP.npy.gz,b3ef8336b130bd585611968239adbec7
524,eopatch-828/mask/CLM.npy.gz,728bbbcf9d2a5d125a9ccc5ca4dcb792
525,eopatch-828/mask/IS_DATA.npy.gz,726908764d2473cb479caa4bdaac752a
526,eopatch-828/mask/SCL.npy.gz,e0ed8564ce3c6e56af271dd55e0afa9c
527,eopatch-828/mask_timeless/ALL_POLYS.npy.gz,47e70d15100a7e1a16c18ba3dd365684
528,eopatch-828/mask_timeless/CULTIVATED.npy.gz,f0788b2cbc996c2b3dc97a7c1116c10a
529,eopatch-828/mask_timeless/NOT_DECLARED.npy.gz,0e13e0b9cb472f406843e1ff58dcfdd6
530,eopatch-828/scalar/NORM_FACTORS.npy.gz,bb722b6c32cf2a9c0ab36db1f5ea11d1
531,eopatch-829/data/BANDS.npy.gz,3eedb6f74d4255c52db1ff8450f0bb26
532,eopatch-829/data/CLP.npy.gz,10fe3c16f647f660db44170fd3628b9e
533,eopatch-829/mask/CLM.npy.gz,93e40700e13938aebd1bd1c9c09d72dd
534,eopatch-829/mask/IS_DATA.npy.gz,726908764d2473cb479caa4bdaac752a
535,eopatch-829/mask/SCL.npy.gz,15e841815a74489a8ccea7b8de2603ae
536,eopatch-829/mask_timeless/ALL_POLYS.npy.gz,c23a20cc46c9cb95ce90fbbc1c6fcf2e
537,eopatch-829/mask_timeless/CULTIVATED.npy.gz,8149218f29e352639d0904a09b213e66
538,eopatch-829/mask_timeless/NOT_DECLARED.npy.gz,ee5ff276045dc981e98f334a3e43f08e
539,eopatch-829/scalar/NORM_FACTORS.npy.gz,bb722b6c32cf2a9c0ab36db1f5ea11d1
540,eopatch-830/data/BANDS.npy.gz,b853eb26b7d5a5d0f75479fd2284e26d
541,eopatch-830/data/CLP.npy.gz,33c5d642f541c35886913449701b2d17
542,eopatch-830/mask/CLM.npy.gz,b9a0a647e2205a27ecc6eaae4d4c6b4d
543,eopatch-830/mask/IS_DATA.npy.gz,726908764d2473cb479caa4bdaac752a
544,eopatch-830/mask/SCL.npy.gz,05ecc30239e87a16e86b203554788b16
545,eopatch-830/mask_timeless/ALL_POLYS.npy.gz,9704585984937aa871e7e48a2f46415c
546,eopatch-830/mask_timeless/CULTIVATED.npy.gz,5c1793e76adcdb8a0eb90344a64cb522
547,eopatch-830/mask_timeless/NOT_DECLARED.npy.gz,a216a11c33cd71256bee56aefdf46cbd
548,eopatch-830/scalar/NORM_FACTORS.npy.gz,bb722b6c32cf2a9c0ab36db1f5ea11d1
549,eopatch-835/data/BANDS.npy.gz,28aae9238c2131efa3380f51be487473
550,eopatch-835/data/CLP.npy.gz,f05e3b6be9b42b4fa1282c37d23ea00f
551,eopatch-835/mask/CLM.npy.gz,f96713a238091928d5cc0c75129347d4
552,eopatch-835/mask/IS_DATA.npy.gz,726908764d2473cb479caa4bdaac752a
553,eopatch-835/mask/SCL.npy.gz,6c242465cfc66f470723e5a831442c90
554,eopatch-835/mask_timeless/ALL_POLYS.npy.gz,e6842ae21f1a12665e2785bae74b5267
555,eopatch-835/mask_timeless/CULTIVATED.npy.gz,98db6b5e2ada8041a7d6a39d1867916a
556,eopatch-835/mask_timeless/NOT_DECLARED.npy.gz,f933fdd7a50aefd2c9c3fad97990cf6d
557,eopatch-835/scalar/NORM_FACTORS.npy.gz,bb722b6c32cf2a9c0ab36db1f5ea11d1
558,eopatch-837/data/BANDS.npy.gz,e078766e6ffb6ad7733497a3eff5d556
559,eopatch-837/data/CLP.npy.gz,b74ec160aa1a3e55529311f68c80c1f7
560,eopatch-837/mask/CLM.npy.gz,9634e328fb6a111dd45257d01efc02eb
561,eopatch-837/mask/IS_DATA.npy.gz,726908764d2473cb479caa4bdaac752a
562,eopatch-837/mask/SCL.npy.gz,d7d8cbcb1e3437194e4dc23089829d24
563,eopatch-837/mask_timeless/ALL_POLYS.npy.gz,03cfb0547bcfda289f94f9134ede5ce7
564,eopatch-837/mask_timeless/CULTIVATED.npy.gz,232b6e304f5f19b98fd13ec564d0f872
565,eopatch-837/mask_timeless/NOT_DECLARED.npy.gz,8dc5ceb68629b4ec87af41450965ea11
566,eopatch-837/scalar/NORM_FACTORS.npy.gz,bb722b6c32cf2a9c0ab36db1f5ea11d1
567,eopatch-838/data/BANDS.npy.gz,17262e715ab7f757e1230c28974e03ea
568,eopatch-838/data/CLP.npy.gz,e6e2caa84b65de7e3d208346d5f1da0d
569,eopatch-838/mask/CLM.npy.gz,b0fadc55d486fa392047a21410005d7b
570,eopatch-838/mask/IS_DATA.npy.gz,726908764d2473cb479caa4bdaac752a
571,eopatch-838/mask/SCL.npy.gz,78d8e211f1e1df513d5b7d65f25ffe00
572,eopatch-838/mask_timeless/ALL_POLYS.npy.gz,97f219e0335876106def22ca28819e6d
573,eopatch-838/mask_timeless/CULTIVATED.npy.gz,07982cc1fece75526747e0a0852d5032
574,eopatch-838/mask_timeless/NOT_DECLARED.npy.gz,9fe7ae131857c6e0d516b1313fbc9b53
575,eopatch-838/scalar/NORM_FACTORS.npy.gz,bb722b6c32cf2a9c0ab36db1f5ea11d1
576,eopatch-839/data/BANDS.npy.gz,4366f7ab4baf12bf8d0015bbdc084e3c
577,eopatch-839/data/CLP.npy.gz,afcd40f2edf7f12a38331b3687e97c14
578,eopatch-839/mask/CLM.npy.gz,08672905d604d90a02e43f7c3c50af37
579,eopatch-839/mask/IS_DATA.npy.gz,726908764d2473cb479caa4bdaac752a
580,eopatch-839/mask/SCL.npy.gz,e522912771f3712f401a9231cafe80bb
581,eopatch-839/mask_timeless/ALL_POLYS.npy.gz,73475b0d1c51364eeceae9534fa4e66b
582,eopatch-839/mask_timeless/CULTIVATED.npy.gz,33bd0942ca87c009801763d20c32f91c
583,eopatch-839/mask_timeless/NOT_DECLARED.npy.gz,7e5829ff786b58a6970999062bcb84c2
584,eopatch-839/scalar/NORM_FACTORS.npy.gz,bb722b6c32cf2a9c0ab36db1f5ea11d1
585,eopatch-840/data/BANDS.npy.gz,0595db02bed255c88f6078d59ad36113
586,eopatch-840/data/CLP.npy.gz,4a0f6ef5047150ca8f560b177cf86e3d
587,eopatch-840/mask/CLM.npy.gz,ad95e3fdf322d82efcf7b8944d80e885
588,eopatch-840/mask/IS_DATA.npy.gz,726908764d2473cb479caa4bdaac752a
589,eopatch-840/mask/SCL.npy.gz,5ba31a461e8b2b5e52648bb58c52103f
590,eopatch-840/mask_timeless/ALL_POLYS.npy.gz,898fe6c8872e31e39f638e294414f752
591,eopatch-840/mask_timeless/CULTIVATED.npy.gz,7fb77f9aa60ce92db8b71f166878de2c
592,eopatch-840/mask_timeless/NOT_DECLARED.npy.gz,e3bb77511f2e11690a67ac541383cf99
593,eopatch-840/scalar/NORM_FACTORS.npy.gz,bb722b6c32cf2a9c0ab36db1f5ea11d1
594,eopatch-841/data/BANDS.npy.gz,72c1da230e8098cd2869e4dc2b2c7d19
595,eopatch-841/data/CLP.npy.gz,0b3a5ca1525b96abd7c7ac55d8f955b0
596,eopatch-841/mask/CLM.npy.gz,4209128933cf3ae8b726ce3e5eef0f22
597,eopatch-841/mask/IS_DATA.npy.gz,726908764d2473cb479caa4bdaac752a
598,eopatch-841/mask/SCL.npy.gz,b8306edea78928d9bb86aecb82ca6c78
599,eopatch-841/mask_timeless/ALL_POLYS.npy.gz,5a5d896504f9db6b28b08f9f55f3b649
600,eopatch-841/mask_timeless/CULTIVATED.npy.gz,6dd6e0c6edcabf3b05a947b45b2b8235
601,eopatch-841/mask_timeless/NOT_DECLARED.npy.gz,2e31a97acb08fcda29cea9240bf18044
602,eopatch-841/scalar/NORM_FACTORS.npy.gz,bb722b6c32cf2a9c0ab36db1f5ea11d1
603,eopatch-849/data/BANDS.npy.gz,bca6927a20e29822f740f3b0cdd4d784
604,eopatch-849/data/CLP.npy.gz,2139bd53b8dffe373fd78bbe33005786
605,eopatch-849/mask/CLM.npy.gz,2eeea6612b446ba6bf435dbd183589be
606,eopatch-849/mask/IS_DATA.npy.gz,726908764d2473cb479caa4bdaac752a
607,eopatch-849/mask/SCL.npy.gz,7dd6ea75de469e803f9c6b5b06dcae4d
608,eopatch-849/mask_timeless/ALL_POLYS.npy.gz,251d19860bc090cca98bb8bfa78b16a7
609,eopatch-849/mask_timeless/CULTIVATED.npy.gz,baa1cf3f3fbf94c8ea9f248a72073d2d
610,eopatch-849/mask_timeless/NOT_DECLARED.npy.gz,78303c52acf1dcb3aa0d118428494514
611,eopatch-849/scalar/NORM_FACTORS.npy.gz,bb722b6c32cf2a9c0ab36db1f5ea11d1
612,eopatch-850/data/BANDS.npy.gz,a44275597cc11abb006190b15db3c081
613,eopatch-850/data/CLP.npy.gz,c3f28f1b92393259d2e92eb3fd6b260f
614,eopatch-850/mask/CLM.npy.gz,b42f06a1c7da00379654ae26ff4b7cf4
615,eopatch-850/mask/IS_DATA.npy.gz,726908764d2473cb479caa4bdaac752a
616,eopatch-850/mask/SCL.npy.gz,4ef5bbf0b11af3c0cd735b11028d9d3b
617,eopatch-850/mask_timeless/ALL_POLYS.npy.gz,8653765353ea75921a641b293b1315aa
618,eopatch-850/mask_timeless/CULTIVATED.npy.gz,f32ec4fc670e48c72cb3b22cb7d6572d
619,eopatch-850/mask_timeless/NOT_DECLARED.npy.gz,1b21fe28e404268a1f8ea159a1d5061b
620,eopatch-850/scalar/NORM_FACTORS.npy.gz,bb722b6c32cf2a9c0ab36db1f5ea11d1
621,eopatch-851/data/BANDS.npy.gz,de73c5ad997e3667e8864188a1bfa186
622,eopatch-851/data/CLP.npy.gz,a2ffbff4cf46a800cc1029ec1cad03a3
623,eopatch-851/mask/CLM.npy.gz,c124e4da85748257b10d735b12baa185
624,eopatch-851/mask/IS_DATA.npy.gz,726908764d2473cb479caa4bdaac752a
625,eopatch-851/mask/SCL.npy.gz,114ea7f649f98eadae546cad8c278f7c
626,eopatch-851/mask_timeless/ALL_POLYS.npy.gz,45f3c8d0b370bfd04c57a6f71667dfb5
627,eopatch-851/mask_timeless/CULTIVATED.npy.gz,c149c36aca6ac038c0815bc1304a0c4c
628,eopatch-851/mask_timeless/NOT_DECLARED.npy.gz,4921af80a9efde4696e4aafbddc3889b
629,eopatch-851/scalar/NORM_FACTORS.npy.gz,bb722b6c32cf2a9c0ab36db1f5ea11d1
630,eopatch-852/data/BANDS.npy.gz,44614b384ad8d1d0b0be853f42d62f73
631,eopatch-852/data/CLP.npy.gz,d03ba115774f24df8803a1e3d38eb12d
632,eopatch-852/mask/CLM.npy.gz,a22cc93014e6de266b7b1725047a0d1d
633,eopatch-852/mask/IS_DATA.npy.gz,726908764d2473cb479caa4bdaac752a
634,eopatch-852/mask/SCL.npy.gz,94ea2d88ba8d41c88f7d44a08006ba65
635,eopatch-852/mask_timeless/ALL_POLYS.npy.gz,26f49594ce34b53f4931fcbeb7e336f7
636,eopatch-852/mask_timeless/CULTIVATED.npy.gz,67ef605f733a402d4f2297845d91474e
637,eopatch-852/mask_timeless/NOT_DECLARED.npy.gz,46ddae61fd3109f18885a53d897a631c
638,eopatch-852/scalar/NORM_FACTORS.npy.gz,bb722b6c32cf2a9c0ab36db1f5ea11d1
639,eopatch-862/data/BANDS.npy.gz,e59be1f30214a741c5b9a1335123b870
640,eopatch-862/data/CLP.npy.gz,fd9c21e7eb68ab49599aec368724eef9
641,eopatch-862/mask/CLM.npy.gz,ce89c2df4b2e83fa0c8745153c5ea373
642,eopatch-862/mask/IS_DATA.npy.gz,726908764d2473cb479caa4bdaac752a
643,eopatch-862/mask/SCL.npy.gz,5a1be71eec69278273ec12509f2b97dc
644,eopatch-862/mask_timeless/ALL_POLYS.npy.gz,4a9d886c66d9f0b809ad39229ef09d57
645,eopatch-862/mask_timeless/CULTIVATED.npy.gz,db3af60d8e8090509be3382081d97429
646,eopatch-862/mask_timeless/NOT_DECLARED.npy.gz,1c3e29c38e4fada54d06bed7ec663954
647,eopatch-862/scalar/NORM_FACTORS.npy.gz,bb722b6c32cf2a9c0ab36db1f5ea11d1
648,eopatch-863/data/BANDS.npy.gz,a8d4b530ccacc5b744f541dc7fd41d90
649,eopatch-863/data/CLP.npy.gz,40e3c0fe19b321988d49b4d515167cc0
650,eopatch-863/mask/CLM.npy.gz,91584727d166c7477b7312373a757fa0
651,eopatch-863/mask/IS_DATA.npy.gz,726908764d2473cb479caa4bdaac752a
652,eopatch-863/mask/SCL.npy.gz,83244f9a42fa1d7394448b15e21c3a1e
653,eopatch-863/mask_timeless/ALL_POLYS.npy.gz,aad2a23c618b7fea8366c10d6bd3c120
654,eopatch-863/mask_timeless/CULTIVATED.npy.gz,6efcce7bfbef8df85b68a20e16a11480
655,eopatch-863/mask_timeless/NOT_DECLARED.npy.gz,3581e27e1680ee7773d0b04fd6b30fd1
656,eopatch-863/scalar/NORM_FACTORS.npy.gz,bb722b6c32cf2a9c0ab36db1f5ea11d1
657,eopatch-869/data/BANDS.npy.gz,07c538e56b3dfa00a900ef5b6452216d
658,eopatch-869/data/CLP.npy.gz,eac851789cf343ee300fe931b02029e1
659,eopatch-869/mask/CLM.npy.gz,a6f2effaa1a88b04b6ba886f55e69364
660,eopatch-869/mask/IS_DATA.npy.gz,726908764d2473cb479caa4bdaac752a
661,eopatch-869/mask/SCL.npy.gz,bb297c3d8599588830c0aec3cbe8d84a
662,eopatch-869/mask_timeless/ALL_POLYS.npy.gz,a83a27cc62bf30a5a89c7665104310bd
663,eopatch-869/mask_timeless/CULTIVATED.npy.gz,895ec1908ae0c847a8eaa93df693444d
664,eopatch-869/mask_timeless/NOT_DECLARED.npy.gz,2aa6c14b291687bde39010f3461b92e2
665,eopatch-869/scalar/NORM_FACTORS.npy.gz,bb722b6c32cf2a9c0ab36db1f5ea11d1
666,eopatch-870/data/BANDS.npy.gz,5ddb3692d56159d3269f288291cc8a03
667,eopatch-870/data/CLP.npy.gz,94e93680fb28de2c72a1b791623682ae
668,eopatch-870/mask/CLM.npy.gz,d83118798d7b9bfa69488397cfa1d179
669,eopatch-870/mask/IS_DATA.npy.gz,726908764d2473cb479caa4bdaac752a
670,eopatch-870/mask/SCL.npy.gz,7cfea039553eeacdb4b5223754a517d5
671,eopatch-870/mask_timeless/ALL_POLYS.npy.gz,aa2238ef7874246bec20255cbed62057
672,eopatch-870/mask_timeless/CULTIVATED.npy.gz,ee91bd65ee03eaddbfa2c54797c1dadb
673,eopatch-870/mask_timeless/NOT_DECLARED.npy.gz,47d84ef531487071e245f35bf987a314
674,eopatch-870/scalar/NORM_FACTORS.npy.gz,bb722b6c32cf2a9c0ab36db1f5ea11d1
675,eopatch-877/data/BANDS.npy.gz,40990435c42f55acb62bbd65a8879d5b
676,eopatch-877/data/CLP.npy.gz,6375e99557a31768d882a3a837e17ed1
677,eopatch-877/mask/CLM.npy.gz,4298c9db5ce2c0da489a105360766fc8
678,eopatch-877/mask/IS_DATA.npy.gz,726908764d2473cb479caa4bdaac752a
679,eopatch-877/mask/SCL.npy.gz,312622bef4fd993fb34821b9f6688d05
680,eopatch-877/mask_timeless/ALL_POLYS.npy.gz,f582c59597d683d77a01679f31b103f5
681,eopatch-877/mask_timeless/CULTIVATED.npy.gz,c8a13724301d21dad139b80b08f81f16
682,eopatch-877/mask_timeless/NOT_DECLARED.npy.gz,c0499c6fd4f7eebdce8a8997236c8919
683,eopatch-877/scalar/NORM_FACTORS.npy.gz,bb722b6c32cf2a9c0ab36db1f5ea11d1
684,eopatch-878/data/BANDS.npy.gz,db227a0afbd3404845d47521b52b1f0e
685,eopatch-878/data/CLP.npy.gz,f080e9a263a6b3b3bdfb563f4842bd5a
686,eopatch-878/mask/CLM.npy.gz,062746cdff3c3a8af8679b063b64b1b9
687,eopatch-878/mask/IS_DATA.npy.gz,726908764d2473cb479caa4bdaac752a
688,eopatch-878/mask/SCL.npy.gz,c8acbd08639478f07d4ad96dbcd38094
689,eopatch-878/mask_timeless/ALL_POLYS.npy.gz,d9d1ecc1c16dc8f12ef0e7f9ead88c1f
690,eopatch-878/mask_timeless/CULTIVATED.npy.gz,71b171a7317b967da3b9f0ebb8fe208a
691,eopatch-878/mask_timeless/NOT_DECLARED.npy.gz,33d3d9e74ea9bfefcf6828311cf8b087
692,eopatch-878/scalar/NORM_FACTORS.npy.gz,bb722b6c32cf2a9c0ab36db1f5ea11d1
693,eopatch-879/data/BANDS.npy.gz,fdcb057efb0dcbb09cf86996c501219d
694,eopatch-879/data/CLP.npy.gz,42bfb99bfdddff76591929fe99f9bdfe
695,eopatch-879/mask/CLM.npy.gz,4601fcda35c5b8057087c0b70fa9114f
696,eopatch-879/mask/IS_DATA.npy.gz,726908764d2473cb479caa4bdaac752a
697,eopatch-879/mask/SCL.npy.gz,e88d22e7d2d0f5361a85459d6328e9e3
698,eopatch-879/mask_timeless/ALL_POLYS.npy.gz,6c245951c5c0d46b4149273da9956f5b
699,eopatch-879/mask_timeless/CULTIVATED.npy.gz,834ae09d1cf0d2b6b3e2bc2eb4e13a6c
700,eopatch-879/mask_timeless/NOT_DECLARED.npy.gz,a6d9f8727f4465b072cc206a40ed3b8d
701,eopatch-879/scalar/NORM_FACTORS.npy.gz,bb722b6c32cf2a9c0ab36db1f5ea11d1
702,eopatch-880/data/BANDS.npy.gz,0d9a2b8be6728f89b389524317248c5f
703,eopatch-880/data/CLP.npy.gz,eb2b6fd961ba72edf8ec91abc48a8853
704,eopatch-880/mask/CLM.npy.gz,8653db226d6e9832995dd74a0abcb0b5
705,eopatch-880/mask/IS_DATA.npy.gz,726908764d2473cb479caa4bdaac752a
706,eopatch-880/mask/SCL.npy.gz,0a0c4d3dc6f645f45bced57fa11d0ced
707,eopatch-880/mask_timeless/ALL_POLYS.npy.gz,75c5cdc90b86da15b37419936d975728
708,eopatch-880/mask_timeless/CULTIVATED.npy.gz,9d2ee5707a0023e2db174e7c3082d9a9
709,eopatch-880/mask_timeless/NOT_DECLARED.npy.gz,c03fa494306ba45ce68acfb6b8b71fba
710,eopatch-880/scalar/NORM_FACTORS.npy.gz,bb722b6c32cf2a9c0ab36db1f5ea11d1
711,eopatch-881/data/BANDS.npy.gz,3e20d14c353c7aee1c04bf227f6faf87
712,eopatch-881/data/CLP.npy.gz,2d0cb36418e3de43c26ae04a152db7a1
713,eopatch-881/mask/CLM.npy.gz,3983238d87bb0370fd948dcf2fb07c67
714,eopatch-881/mask/IS_DATA.npy.gz,726908764d2473cb479caa4bdaac752a
715,eopatch-881/mask/SCL.npy.gz,9a14a92797fdd38855fc6922e7cc649a
716,eopatch-881/mask_timeless/ALL_POLYS.npy.gz,3462ad88dc734dcc1f3de992f7f066d2
717,eopatch-881/mask_timeless/CULTIVATED.npy.gz,9c8d5bebf7d246910bc66dc00c0aaaa6
718,eopatch-881/mask_timeless/NOT_DECLARED.npy.gz,2c9bd286d4157d48aeb923eec65f78cf
719,eopatch-881/scalar/NORM_FACTORS.npy.gz,bb722b6c32cf2a9c0ab36db1f5ea11d1
720,eopatch-882/data/BANDS.npy.gz,d8964682afc3f4425923402a6ee8c8c4
721,eopatch-882/data/CLP.npy.gz,8c300179549d129e9c56d12103f184cc
722,eopatch-882/mask/CLM.npy.gz,bc161eb3510e6afa940aed96bf29cf9a
723,eopatch-882/mask/IS_DATA.npy.gz,726908764d2473cb479caa4bdaac752a
724,eopatch-882/mask/SCL.npy.gz,a96d1dc84367c8753474cb2694ce16f3
725,eopatch-882/mask_timeless/ALL_POLYS.npy.gz,6bd13912d5ca31075d98568fe29c6f18
726,eopatch-882/mask_timeless/CULTIVATED.npy.gz,22cb20215cb2290908cdeaa0d058157d
727,eopatch-882/mask_timeless/NOT_DECLARED.npy.gz,020439afdb90c46fe021a3ba0317c463
728,eopatch-882/scalar/NORM_FACTORS.npy.gz,bb722b6c32cf2a9c0ab36db1f5ea11d1
729,eopatch-887/data/BANDS.npy.gz,d3b8e1e5ee19fe2419c40be7deba142d
730,eopatch-887/data/CLP.npy.gz,8027a5df5f077cc3c28dcbd39abd7b0c
731,eopatch-887/mask/CLM.npy.gz,4027d0c1d1cc6869928fe99dc432a4e5
732,eopatch-887/mask/IS_DATA.npy.gz,726908764d2473cb479caa4bdaac752a
733,eopatch-887/mask/SCL.npy.gz,f7727c990c6be92fc16134952de2e825
734,eopatch-887/mask_timeless/ALL_POLYS.npy.gz,a1463bdfff8f90aa3b4a9727720be1de
735,eopatch-887/mask_timeless/CULTIVATED.npy.gz,73413c076cfe691917dafe04808421ed
736,eopatch-887/mask_timeless/NOT_DECLARED.npy.gz,fe651143efa304a0b709cd9611b654bc
737,eopatch-887/scalar/NORM_FACTORS.npy.gz,bb722b6c32cf2a9c0ab36db1f5ea11d1
738,eopatch-888/data/BANDS.npy.gz,05cf04814a0248da70060366da207dd9
739,eopatch-888/data/CLP.npy.gz,320fdb72f463bad18a55b495ece661a2
740,eopatch-888/mask/CLM.npy.gz,20cb4635c0f515766e8d516f6091662c
741,eopatch-888/mask/IS_DATA.npy.gz,726908764d2473cb479caa4bdaac752a
742,eopatch-888/mask/SCL.npy.gz,ad4b25e5cc0aef45faf2314dc5937fdb
743,eopatch-888/mask_timeless/ALL_POLYS.npy.gz,ca7212514a24956dd6a9257820bce396
744,eopatch-888/mask_timeless/CULTIVATED.npy.gz,5c5a889c9977e900c39fdea63131b613
745,eopatch-888/mask_timeless/NOT_DECLARED.npy.gz,fd84c6b5e691a18bbf394df22d6bd14f
746,eopatch-888/scalar/NORM_FACTORS.npy.gz,bb722b6c32cf2a9c0ab36db1f5ea11d1
747,eopatch-889/data/BANDS.npy.gz,9d55c8600630943b6c19851d2f10cc7e
748,eopatch-889/data/CLP.npy.gz,f99e53f75bb5170ea49690c9a1381921
749,eopatch-889/mask/CLM.npy.gz,2b2ef0b98c02c0ab3108fb7c6e322441
750,eopatch-889/mask/IS_DATA.npy.gz,726908764d2473cb479caa4bdaac752a
751,eopatch-889/mask/SCL.npy.gz,511a84c14b32af651064311dd1a6acd6
752,eopatch-889/mask_timeless/ALL_POLYS.npy.gz,8e0b62ea8d134dd267bb402e46d5af82
753,eopatch-889/mask_timeless/CULTIVATED.npy.gz,c622023a6794184b7f93ab6c24393c8c
754,eopatch-889/mask_timeless/NOT_DECLARED.npy.gz,b6269402c5b67250f5edaa40837f7ea8
755,eopatch-889/scalar/NORM_FACTORS.npy.gz,bb722b6c32cf2a9c0ab36db1f5ea11d1
756,eopatch-890/data/BANDS.npy.gz,c3ffc4270307192e04ccc85e5541b8fa
757,eopatch-890/data/CLP.npy.gz,a9f26e45843d6cb5922cd85d2ddd3871
758,eopatch-890/mask/CLM.npy.gz,705d97447f295ace4d2f8bbfc0621fd1
759,eopatch-890/mask/IS_DATA.npy.gz,726908764d2473cb479caa4bdaac752a
760,eopatch-890/mask/SCL.npy.gz,d2fc7debefed7a06bebf9b4ea86502a6
761,eopatch-890/mask_timeless/ALL_POLYS.npy.gz,e7fb3bf2fe2ad71802d6d6fb30cac076
762,eopatch-890/mask_timeless/CULTIVATED.npy.gz,692ab6b774eb873a1e9c0ed231e67f1e
763,eopatch-890/mask_timeless/NOT_DECLARED.npy.gz,075cc517106c5712e253f29fc582d213
764,eopatch-890/scalar/NORM_FACTORS.npy.gz,bb722b6c32cf2a9c0ab36db1f5ea11d1
765,eopatch-891/data/BANDS.npy.gz,b33beb13b3c6db112f600425a58ddc48
766,eopatch-891/data/CLP.npy.gz,8002509442d7d2810f756bb2f18a0d4e
767,eopatch-891/mask/CLM.npy.gz,9e7be35b30cc604bfb03f4f5f897e5ef
768,eopatch-891/mask/IS_DATA.npy.gz,726908764d2473cb479caa4bdaac752a
769,eopatch-891/mask/SCL.npy.gz,76401c92fd10748aa6a0cd1d8cdb0dd8
770,eopatch-891/mask_timeless/ALL_POLYS.npy.gz,0a0b8fac1767ca37247a53d3470014fe
771,eopatch-891/mask_timeless/CULTIVATED.npy.gz,0331a252164ef45a52fa3a549021741a
772,eopatch-891/mask_timeless/NOT_DECLARED.npy.gz,5d6376c37406e0faa2daade830e7efb7
773,eopatch-891/scalar/NORM_FACTORS.npy.gz,bb722b6c32cf2a9c0ab36db1f5ea11d1
774,eopatch-893/data/BANDS.npy.gz,bd9f77a34e7ba745032be2b89218cc40
775,eopatch-893/data/CLP.npy.gz,75ad415562932ccdd7f1077b36925889
776,eopatch-893/mask/CLM.npy.gz,63a0de4da6bbd23a73a5e396c763e671
777,eopatch-893/mask/IS_DATA.npy.gz,726908764d2473cb479caa4bdaac752a
778,eopatch-893/mask/SCL.npy.gz,5afe393dcbe07387693206565d678edd
779,eopatch-893/mask_timeless/ALL_POLYS.npy.gz,8b3f4366ffbac971596e89abbab12eb1
780,eopatch-893/mask_timeless/CULTIVATED.npy.gz,8b983d564d753da807e21a77058cb67e
781,eopatch-893/mask_timeless/NOT_DECLARED.npy.gz,945af522a9b57a939e7ed06516a31fd2
782,eopatch-893/scalar/NORM_FACTORS.npy.gz,bb722b6c32cf2a9c0ab36db1f5ea11d1
783,eopatch-894/data/BANDS.npy.gz,78cad92f1a0dfec9e83200c05a9ae1b4
784,eopatch-894/data/CLP.npy.gz,3de370495fa7f88897b5a345b75d8dae
785,eopatch-894/mask/CLM.npy.gz,ebe4079a4d31a65926abf49e27be0a74
786,eopatch-894/mask/IS_DATA.npy.gz,726908764d2473cb479caa4bdaac752a
787,eopatch-894/mask/SCL.npy.gz,8102b847c6751b6e32e17a4580b42b0c
788,eopatch-894/mask_timeless/ALL_POLYS.npy.gz,f738b101684150bf712247e5fecea4c6
789,eopatch-894/mask_timeless/CULTIVATED.npy.gz,2be44ee66af5d576b6130bfbdcb11969
790,eopatch-894/mask_timeless/NOT_DECLARED.npy.gz,00e4a2697e92987ebf52a2404a010a3e
791,eopatch-894/scalar/NORM_FACTORS.npy.gz,bb722b6c32cf2a9c0ab36db1f5ea11d1
792,eopatch-899/data/BANDS.npy.gz,4c9232e70f4e7c6471fa7ed3da1de211
793,eopatch-899/data/CLP.npy.gz,1859cc4dfbfefcd707a2f1f12f7a362e
794,eopatch-899/mask/CLM.npy.gz,ec6a4eea087e638464a5e66b3f305e6a
795,eopatch-899/mask/IS_DATA.npy.gz,726908764d2473cb479caa4bdaac752a
796,eopatch-899/mask/SCL.npy.gz,8ce2e50863c47229fc51984d0bc94055
797,eopatch-899/mask_timeless/ALL_POLYS.npy.gz,085585b9355742c25649705c30bbaa67
798,eopatch-899/mask_timeless/CULTIVATED.npy.gz,a350273a16fa22b7f84e90cc62841393
799,eopatch-899/mask_timeless/NOT_DECLARED.npy.gz,9f71d4782253719321e9bd0f75a9ea6b
800,eopatch-899/scalar/NORM_FACTORS.npy.gz,bb722b6c32cf2a9c0ab36db1f5ea11d1
801,eopatch-901/data/BANDS.npy.gz,e81bb2fb3b65a460f18c12651bdaef01
802,eopatch-901/data/CLP.npy.gz,ab263c45a4610b40e7825b9514c6e5dd
803,eopatch-901/mask/CLM.npy.gz,03f31aa5556a9167ec63a8dfeb3067ae
804,eopatch-901/mask/IS_DATA.npy.gz,726908764d2473cb479caa4bdaac752a
805,eopatch-901/mask/SCL.npy.gz,044275a300d1bba8d638b65dadee2f79
806,eopatch-901/mask_timeless/ALL_POLYS.npy.gz,83881490eee48fde48a6e777ee6f8db6
807,eopatch-901/mask_timeless/CULTIVATED.npy.gz,768e2f7bf5224eb843d7d6bacddbe642
808,eopatch-901/mask_timeless/NOT_DECLARED.npy.gz,9cdff90b39f481869ac76bea14c12faf
809,eopatch-901/scalar/NORM_FACTORS.npy.gz,bb722b6c32cf2a9c0ab36db1f5ea11d1
810,eopatch-902/data/BANDS.npy.gz,19dc7923cfbaeca3c3122647a5a14905
811,eopatch-902/data/CLP.npy.gz,96cebfa36fe0b1a27f041ae52e28ee8b
812,eopatch-902/mask/CLM.npy.gz,79cdcc6757c6afe03d8ca655803e3f9b
813,eopatch-902/mask/IS_DATA.npy.gz,726908764d2473cb479caa4bdaac752a
814,eopatch-902/mask/SCL.npy.gz,6174a66b0ae0e8635dbe94ddb89f0e42
815,eopatch-902/mask_timeless/ALL_POLYS.npy.gz,0cf50ed7d0f99cde058207fea1d23261
816,eopatch-902/mask_timeless/CULTIVATED.npy.gz,95196c2fd2073f0574bb5bdb4eac5cdb
817,eopatch-902/mask_timeless/NOT_DECLARED.npy.gz,557da4ec70694a8b1879104d58fcbe07
818,eopatch-902/scalar/NORM_FACTORS.npy.gz,bb722b6c32cf2a9c0ab36db1f5ea11d1
819,eopatch-903/data/BANDS.npy.gz,ce1cf23813ac729875c0c422cebb042c
820,eopatch-903/data/CLP.npy.gz,9d6201e69462906bcaa6a6b1e3e6fbef
821,eopatch-903/mask/CLM.npy.gz,5453ddd361a3f49b76b27ec09ae7ce31
822,eopatch-903/mask/IS_DATA.npy.gz,726908764d2473cb479caa4bdaac752a
823,eopatch-903/mask/SCL.npy.gz,d36f3938905362d51c3d7193868f7041
824,eopatch-903/mask_timeless/ALL_POLYS.npy.gz,82fe9c2aabec45771e5fff20b73378e0
825,eopatch-903/mask_timeless/CULTIVATED.npy.gz,700e5dde7ccfeab7100b439fa07af660
826,eopatch-903/mask_timeless/NOT_DECLARED.npy.gz,3a421d3f21f61f462f4116dd3c1c2bc2
827,eopatch-903/scalar/NORM_FACTORS.npy.gz,bb722b6c32cf2a9c0ab36db1f5ea11d1
828,eopatch-904/data/BANDS.npy.gz,06ce34d56831f683cca6aa6a593b14c8
829,eopatch-904/data/CLP.npy.gz,a7d452111e24b4efe9d5c89f141c78f0
830,eopatch-904/mask/CLM.npy.gz,e84b4cf8a726a1abb40d8abd2ed2aede
831,eopatch-904/mask/IS_DATA.npy.gz,726908764d2473cb479caa4bdaac752a
832,eopatch-904/mask/SCL.npy.gz,838d8e49dcfa79aa00c79a81ad1f0bfa
833,eopatch-904/mask_timeless/ALL_POLYS.npy.gz,915cca1a92d557bf2d7cedddb6950bd1
834,eopatch-904/mask_timeless/CULTIVATED.npy.gz,f485121315ca91b127f5fb968c627fb4
835,eopatch-904/mask_timeless/NOT_DECLARED.npy.gz,4098dccce9977b38abd3bfdbee4a757b
836,eopatch-904/scalar/NORM_FACTORS.npy.gz,bb722b6c32cf2a9c0ab36db1f5ea11d1
837,eopatch-905/data/BANDS.npy.gz,ed970c8a05dbf053256e500766ad1ec2
838,eopatch-905/data/CLP.npy.gz,df4a5150ecfb40c407d0f7909dc681ba
839,eopatch-905/mask/CLM.npy.gz,9c87ab31b4649c5ee14968bc932d4043
840,eopatch-905/mask/IS_DATA.npy.gz,726908764d2473cb479caa4bdaac752a
841,eopatch-905/mask/SCL.npy.gz,95ae006999fb93b9051b3d88c5daa291
842,eopatch-905/mask_timeless/ALL_POLYS.npy.gz,fd05f4328cfadaba0679d03b30246cad
843,eopatch-905/mask_timeless/CULTIVATED.npy.gz,ffd1d5bf36ea325c3dc9f3587789d199
844,eopatch-905/mask_timeless/NOT_DECLARED.npy.gz,b528db51ca9b6c376a62e32d60bffe9a
845,eopatch-905/scalar/NORM_FACTORS.npy.gz,bb722b6c32cf2a9c0ab36db1f5ea11d1
846,eopatch-907/data/BANDS.npy.gz,07644586643a8d33d0f563282ef18d3d
847,eopatch-907/data/CLP.npy.gz,c0ad15882ed2366b3f95fbe50b5e4909
848,eopatch-907/mask/CLM.npy.gz,104b8346cc33a7675d10c1f7f62f50e8
849,eopatch-907/mask/IS_DATA.npy.gz,726908764d2473cb479caa4bdaac752a
850,eopatch-907/mask/SCL.npy.gz,47e05d50d1a3ed08350dee9762965d98
851,eopatch-907/mask_timeless/ALL_POLYS.npy.gz,ff120c48ad555dc2adac82acee1b5059
852,eopatch-907/mask_timeless/CULTIVATED.npy.gz,433ce8a918ab0955e9fab99b786a09eb
853,eopatch-907/mask_timeless/NOT_DECLARED.npy.gz,ed1e45f970005a8738eae0ed5ae2f4f7
854,eopatch-907/scalar/NORM_FACTORS.npy.gz,bb722b6c32cf2a9c0ab36db1f5ea11d1
855,eopatch-908/data/BANDS.npy.gz,55d3ce4239ff0fbccc4fe2f452b26887
856,eopatch-908/data/CLP.npy.gz,c83553d92ba80c6908188f32e1c6953e
857,eopatch-908/mask/CLM.npy.gz,30a07184eacee2fb0143af235805ef7b
858,eopatch-908/mask/IS_DATA.npy.gz,726908764d2473cb479caa4bdaac752a
859,eopatch-908/mask/SCL.npy.gz,98489ea6f9f113c10779e2ceb9d80c55
860,eopatch-908/mask_timeless/ALL_POLYS.npy.gz,d30fce1bd77609e9251dc7e65c199d84
861,eopatch-908/mask_timeless/CULTIVATED.npy.gz,744957e39808156252aedbd16bef6150
862,eopatch-908/mask_timeless/NOT_DECLARED.npy.gz,6d373732935a143d97a0bffc93b12d62
863,eopatch-908/scalar/NORM_FACTORS.npy.gz,bb722b6c32cf2a9c0ab36db1f5ea11d1
864,eopatch-914/data/BANDS.npy.gz,dbe0897ff9c6537e895b2c8285a70df1
865,eopatch-914/data/CLP.npy.gz,c8db3f48ca62fd2b13d6fb99b0e71cd6
866,eopatch-914/mask/CLM.npy.gz,04df10b66d796151abf69aae41e346c1
867,eopatch-914/mask/IS_DATA.npy.gz,aa298d9643c6f8bd478ad39b3c1e43af
868,eopatch-914/mask/SCL.npy.gz,ae16e37e170e625d6e402846d4590fcf
869,eopatch-914/mask_timeless/ALL_POLYS.npy.gz,edfe02dd2e6616d84199d750b8b0c07d
870,eopatch-914/mask_timeless/CULTIVATED.npy.gz,1efd42c979b0c3b43f1d2f9b9f30d35d
871,eopatch-914/mask_timeless/NOT_DECLARED.npy.gz,ea3780a29d08ef61d8bfcf12c06cd976
872,eopatch-914/scalar/NORM_FACTORS.npy.gz,5e4c527eee01895709dc5b15668a43de
873,eopatch-915/data/BANDS.npy.gz,e96eb9aa6c30fb1cdb190bbf999c70a9
874,eopatch-915/data/CLP.npy.gz,cc6c60d12d731232580bc10c50c33696
875,eopatch-915/mask/CLM.npy.gz,ab3f80390b0e2fffeb94205bcf4b80b0
876,eopatch-915/mask/IS_DATA.npy.gz,aa298d9643c6f8bd478ad39b3c1e43af
877,eopatch-915/mask/SCL.npy.gz,82b1f7b4e912627076e0aa489fb894d5
878,eopatch-915/mask_timeless/ALL_POLYS.npy.gz,139ad6aa41eba2ed84a16aaa7cac481d
879,eopatch-915/mask_timeless/CULTIVATED.npy.gz,4c061069e925928c5acfc78149f0af37
880,eopatch-915/mask_timeless/NOT_DECLARED.npy.gz,db5984635c0ea9ebae8b8a4d76520d9a
881,eopatch-915/scalar/NORM_FACTORS.npy.gz,5e4c527eee01895709dc5b15668a43de
882,eopatch-916/data/BANDS.npy.gz,6f9f13d669f5f3cc5a078fc0cf57acb0
883,eopatch-916/data/CLP.npy.gz,df82321a8f245b1c73c55f2e1aca4993
884,eopatch-916/mask/CLM.npy.gz,d84a288cd20a0007534613340cdc4c4e
885,eopatch-916/mask/IS_DATA.npy.gz,aa298d9643c6f8bd478ad39b3c1e43af
886,eopatch-916/mask/SCL.npy.gz,38c25020f3cdc4188ee075bd8663b45a
887,eopatch-916/mask_timeless/ALL_POLYS.npy.gz,a1c0fe9274c6e990debacc90f62f08d0
888,eopatch-916/mask_timeless/CULTIVATED.npy.gz,64a965515735a08e02db187fc5708aa7
889,eopatch-916/mask_timeless/NOT_DECLARED.npy.gz,28c02cf8c3457ceb39b4670f47a5f28f
890,eopatch-916/scalar/NORM_FACTORS.npy.gz,5e4c527eee01895709dc5b15668a43de
891,eopatch-924/data/BANDS.npy.gz,01b0465dcf9c84bf94ed2a4b4d76312d
892,eopatch-924/data/CLP.npy.gz,513a77de577f0194338179338aeea455
893,eopatch-924/mask/CLM.npy.gz,b76ad05f26729722dc7fd3c49f2eed67
894,eopatch-924/mask/IS_DATA.npy.gz,4a9c471703c92306322302f1825b6625
895,eopatch-924/mask/SCL.npy.gz,c7f0122b8a6a1d5e891585ca1168d126
896,eopatch-924/mask_timeless/ALL_POLYS.npy.gz,2f7cccbc8b1b53863c5a325c29a17228
897,eopatch-924/mask_timeless/CULTIVATED.npy.gz,97ba7c072adc46d69f597d7656f79e78
898,eopatch-924/mask_timeless/NOT_DECLARED.npy.gz,2f651f9abd5a2a7bafc80d58132b5a38
899,eopatch-924/scalar/NORM_FACTORS.npy.gz,5e4c527eee01895709dc5b15668a43de
